ticket,first_name,last_name,apply_timestamp,last_update,requested,status,given
100256,Sophia,Garcia,2024-06-13 01:30:59,2024-06-13 21:45:35,550,DENIED,0
101192,Charlotte,Garcia,2024-06-18 01:09:52,2024-06-19 10:05:27,1500,DENIED,0
101537,Olivia,Zamora,2024-06-22 17:49:57,2024-06-24 18:18:13,2400,DENIED,0
101585,Henry,Johnson,2024-07-03 06:07:06,2024-07-04 18:26:59,50,DENIED - FIN FITNESS MEETING,0
102138,Oliver,Miller,2024-07-10 17:05:09,2024-07-12 05:13:42,2000,DELIVERED,2692
102177,James,Nguyen,2024-07-20 17:00:14,2024-07-21 19:26:38,225,DENIED,0
102593,Benjamin,Brown,2024-07-30 21:00:38,2024-08-01 20:55:05,2500,APPEALED,0
102602,Liam,Brown,2024-07-31 05:49:13,2024-08-01 22:19:45,65,DENIED - FIN FITNESS MEETING,0
103054,Amelia,Zamora,2024-08-02 11:17:17,2024-08-02 23:17:21,65,APPROVED,101
104016,Liam,Miller,2024-08-07 00:39:47,2024-08-08 07:47:23,790,DELIVERED,292
104816,Charlotte,Cooper,2024-08-13 23:59:21,2024-08-14 01:34:54,475,APPROVED,747
104864,William,Cooper,2024-08-22 12:07:48,2024-08-24 08:26:56,110,APPROVED,146
105249,Noah,Williams,2024-08-28 05:44:17,2024-08-28 12:38:02,100,DENIED - FIN FITNESS MEETING,0
106017,Olivia,Jones,2024-09-02 16:53:52,2024-09-03 19:36:32,900,DELIVERED,447
106735,Isabella,Garcia,2024-09-06 17:34:46,2024-09-06 21:25:42,2000,IN-PROGRESS - COMMITTEE,0
107563,Harper,Johnson,2024-09-10 05:03:33,2024-09-11 04:43:08,2000,APPEALED,0
108193,Harper,Adams,2024-09-18 22:49:34,2024-09-20 00:15:33,1200,IN-PROGRESS - COMMITTEE,0
108982,Lucas,Brown,2024-09-28 07:42:30,2024-09-29 08:16:47,65,DELIVERED,33
109530,Liam,Jones,2024-10-04 22:43:10,2024-10-05 20:39:55,200,DENIED,0
110433,Benjamin,Nguyen,2024-10-08 23:06:59,2024-10-09 10:23:49,1400,APPROVED,191
110825,Oliver,Smith,2024-10-14 05:22:45,2024-10-14 10:26:59,200,APPEALED,0
111420,Olivia,Hernandez,2024-10-25 01:44:09,2024-10-25 08:36:12,1400,APPEALED,0
111531,Mia,Williams,2024-11-02 11:11:08,2024-11-02 12:16:37,2500,APPROVED,374
111865,Amelia,Smith,2024-11-03 05:43:38,2024-11-04 15:26:10,550,IN-PROGRESS - APPROVAL,0
112600,Mia,Garcia,2024-11-07 14:22:25,2024-11-08 17:26:10,300,DENIED - FIN FITNESS MEETING,0
113595,William,Adams,2024-11-10 19:01:44,2024-11-11 06:18:08,900,APPEALED,0
113622,Elijah,Cooper,2024-11-20 08:00:11,2024-11-21 09:59:43,600,DENIED - FIN FITNESS MEETING,0
114166,Amelia,Williams,2024-11-20 15:09:06,2024-11-22 06:46:18,200,APPEALED,0
114639,Theodore,Johnson,2024-11-22 04:07:44,2024-11-24 00:00:59,2400,DELIVERED,1672
115236,Amelia,Johnson,2024-11-26 07:40:27,2024-11-28 00:14:01,450,APPEALED,0
115576,James,Adams,2024-12-06 22:08:52,2024-12-08 18:31:45,105,IN-PROGRESS - APPROVAL,0
116391,Ava,Cooper,2024-12-09 15:18:09,2024-12-10 02:01:27,900,APPROVED,559
117338,Ava,Adams,2024-12-13 13:32:51,2024-12-15 11:09:33,2000,DELIVERED,1668
117696,Oliver,Williams,2024-12-14 11:17:23,2024-12-14 21:42:36,1500,APPROVED,86
118666,Isabella,Smith,2024-12-14 22:05:27,2024-12-16 14:48:08,400,DENIED - FIN FITNESS MEETING,0
119179,William,Williams,2024-12-18 06:12:50,2024-12-19 18:54:45,1500,DELIVERED,889
119983,Sophia,Jones,2024-12-24 12:46:58,2024-12-24 16:08:22,225,DENIED,0
120808,William,Jones,2025-01-01 14:21:05,2025-01-01 18:19:46,50,APPEALED,0
120808,Charlotte,Jones,2025-01-07 20:27:02,2025-01-08 22:38:36,600,IN-PROGRESS - APPROVAL,0
120845,Theodore,Zamora,2025-01-07 21:38:57,2025-01-08 15:36:18,540,APPEALED,0
120992,Henry,Garcia,2025-01-14 14:47:57,2025-01-16 07:24:13,2000,APPEALED,0
121142,Mia,Smith,2025-01-21 03:46:43,2025-01-22 06:25:02,2000,APPROVED,3454
122073,Benjamin,Cooper,2025-01-29 03:30:28,2025-01-30 21:25:54,105,DENIED - FIN FITNESS MEETING,0
122686,Harper,Zamora,2025-02-07 12:50:17,2025-02-07 19:40:40,150,IN-PROGRESS - APPROVAL,0
122986,Henry,Nguyen,2025-02-15 12:40:40,2025-02-15 18:30:34,400,DELIVERED,637
123430,Oliver,Johnson,2025-02-23 08:29:26,2025-02-24 18:31:28,1500,APPEALED,0
123796,Amelia,Williams,2025-02-26 23:35:40,2025-02-27 22:55:11,350,DENIED,0
124132,Isabella,Johnson,2025-03-05 04:55:35,2025-03-05 17:56:16,2400,IN-PROGRESS - COMMITTEE,0
124313,Charlotte,Hernandez,2025-03-15 16:20:03,2025-03-15 20:47:15,65,APPROVED,70
124851,Oliver,Jones,2025-03-18 05:05:03,2025-03-19 15:12:39,900,DELIVERED,703
125531,Noah,Miller,2025-03-28 05:49:00,2025-03-30 03:17:14,550,DELIVERED,361
125977,Lucas,Brown,2025-04-05 08:32:18,2025-04-06 17:32:31,225,APPEALED,0
126387,Lucas,Adams,2025-04-06 09:14:37,2025-04-06 13:59:22,1200,DENIED,0
127020,Elijah,Williams,2025-04-07 03:50:34,2025-04-08 12:54:02,1500,DELIVERED,482
127620,Sophia,Zamora,2025-04-07 12:54:00,2025-04-09 00:46:34,110,APPROVED,140
128124,Noah,Williams,2025-04-08 10:38:34,2025-04-10 03:29:38,120,DENIED - FIN FITNESS MEETING,0
128876,Lucas,Miller,2025-04-19 10:56:09,2025-04-19 13:14:34,2000,DELIVERED,1452
129132,Theodore,Garcia,2025-04-30 11:11:09,2025-04-30 17:56:54,475,IN-PROGRESS - APPROVAL,0
129803,Emma,Brown,2025-05-05 12:48:29,2025-05-07 10:24:32,540,APPEALED,0
130762,Ava,Cooper,2025-05-10 01:41:12,2025-05-11 19:28:45,300,IN-PROGRESS - APPROVAL,0
130946,Oliver,Johnson,2025-05-13 02:40:12,2025-05-13 06:04:01,65,APPEALED,0
131127,James,Hernandez,2025-05-22 03:11:33,2025-05-23 07:51:23,225,DENIED,0
131677,Oliver,Nguyen,2025-05-28 03:37:49,2025-05-29 03:23:17,600,APPEALED,0
132060,Charlotte,Cooper,2025-06-07 15:07:27,2025-06-08 12:00:02,105,DENIED,0
132296,James,Nguyen,2025-06-17 14:36:05,2025-06-19 01:02:32,200,DENIED,0
132687,Theodore,Cooper,2025-06-18 17:10:13,2025-06-19 14:48:36,225,IN-PROGRESS - APPROVAL,0
132728,Amelia,Smith,2025-06-24 17:58:06,2025-06-24 23:19:38,600,IN-PROGRESS - APPROVAL,0
132870,James,Williams,2025-07-03 13:17:07,2025-07-05 09:03:03,2500,DELIVERED,4356
133032,Amelia,Adams,2025-07-10 09:34:42,2025-07-11 16:33:45,1200,APPROVED,2100
133736,James,Nguyen,2025-07-20 01:45:37,2025-07-21 02:21:52,1500,IN-PROGRESS - COMMITTEE,0
134592,Benjamin,Jones,2025-07-24 07:17:34,2025-07-25 19:51:14,150,DENIED - FIN FITNESS MEETING,0
135084,Evelyn,Garcia,2025-07-25 08:41:18,2025-07-26 08:26:16,150,IN-PROGRESS - APPROVAL,0
135355,Ava,Johnson,2025-07-27 04:44:05,2025-07-28 09:35:16,2000,APPEALED,0
136215,Benjamin,Brown,2025-08-01 05:16:05,2025-08-01 16:03:30,225,APPROVED,337
136762,Mia,Hernandez,2025-08-09 05:23:59,2025-08-09 19:40:13,450,APPEALED,0
137362,Oliver,Johnson,2025-08-15 17:21:26,2025-08-17 08:52:56,1200,IN-PROGRESS - COMMITTEE,0
137962,Oliver,Jones,2025-08-20 02:34:45,2025-08-20 06:25:51,100,DELIVERED,25
138638,Charlotte,Adams,2025-08-24 22:24:29,2025-08-26 13:58:27,105,DELIVERED,164
139310,Mia,Smith,2025-08-31 22:14:47,2025-09-02 17:22:48,65,IN-PROGRESS - APPROVAL,0
140030,Evelyn,Brown,2025-09-02 21:02:33,2025-09-03 22:04:17,600,DENIED,0
140223,Ava,Johnson,2025-09-04 02:55:52,2025-09-05 20:47:19,450,APPEALED,0
141086,Liam,Adams,2025-09-06 10:12:45,2025-09-08 00:37:01,50,APPROVED,95
141781,Elijah,Zamora,2025-09-16 05:48:03,2025-09-17 22:08:09,50,DENIED - FIN FITNESS MEETING,0
141860,Noah,Adams,2025-09-18 19:48:15,2025-09-19 21:38:33,550,DENIED,0
142429,Amelia,Johnson,2025-09-24 07:23:00,2025-09-25 07:54:32,120,APPEALED,0
142567,William,Nguyen,2025-10-04 22:23:38,2025-10-05 20:56:53,2000,APPEALED,0
142681,Henry,Brown,2025-10-14 22:59:31,2025-10-15 15:30:28,2000,APPROVED,3828
143638,Theodore,Zamora,2025-10-15 11:08:15,2025-10-16 09:36:27,800,DENIED,0
144030,Sophia,Smith,2025-10-25 01:26:23,2025-10-25 10:31:41,150,APPROVED,216
144882,Olivia,Garcia,2025-11-04 16:18:36,2025-11-04 20:05:15,475,DELIVERED,502
145750,Mia,Nguyen,2025-11-04 19:50:54,2025-11-05 22:43:03,1500,DELIVERED,1658
146517,Lucas,Garcia,2025-11-15 12:58:35,2025-11-15 20:21:32,800,DENIED,0
147101,Isabella,Brown,2025-11-20 14:47:43,2025-11-21 16:45:38,300,APPEALED,0
147118,Theodore,Hernandez,2025-11-25 05:06:34,2025-11-27 04:12:22,200,DENIED - FIN FITNESS MEETING,0
147984,Sophia,Smith,2025-11-27 14:02:35,2025-11-29 04:26:10,105,APPEALED,0
148267,Amelia,Smith,2025-11-27 17:02:27,2025-11-29 03:22:49,225,DELIVERED,67
149120,Amelia,Brown,2025-12-06 17:11:01,2025-12-08 08:39:58,2000,APPROVED,1724
149151,Theodore,Hernandez,2025-12-09 01:33:52,2025-12-09 23:22:30,65,APPEALED,0
149780,Ava,Cooper,2025-12-11 17:47:00,2025-12-13 09:12:36,100,IN-PROGRESS - APPROVAL,0
150144,James,Smith,2025-12-22 08:30:30,2025-12-23 05:13:46,1200,IN-PROGRESS - COMMITTEE,0
150693,James,Garcia,2025-12-27 02:27:47,2025-12-28 06:10:29,120,DENIED - FIN FITNESS MEETING,0
151071,Emma,Jones,2025-12-29 21:42:28,2025-12-29 23:13:47,110,DENIED,0
151224,Harper,Adams,2025-12-30 20:22:10,2025-12-31 09:29:28,860,IN-PROGRESS - APPROVAL,0
151951,Oliver,Jones,2026-01-04 13:54:01,2026-01-05 01:04:26,2400,IN-PROGRESS - COMMITTEE,0
152810,Charlotte,Zamora,2026-01-05 20:18:12,2026-01-06 18:03:33,65,APPROVED,95
152878,Sophia,Johnson,2026-01-12 16:10:36,2026-01-12 19:11:04,225,DELIVERED,197
153148,Lucas,Johnson,2026-01-13 02:11:45,2026-01-13 09:15:48,800,DELIVERED,782
153226,Oliver,Smith,2026-01-13 18:00:49,2026-01-14 22:32:36,860,DENIED - FIN FITNESS MEETING,0
153341,William,Adams,2026-01-14 10:43:55,2026-01-16 04:00:17,2000,APPROVED,3087
153442,Oliver,Cooper,2026-01-19 02:09:28,2026-01-20 04:01:45,900,DENIED - FIN FITNESS MEETING,0
154359,Ava,Johnson,2026-01-26 13:01:33,2026-01-26 18:41:56,1500,DELIVERED,2033
154540,James,Johnson,2026-02-02 19:28:42,2026-02-03 11:55:29,860,IN-PROGRESS - APPROVAL,0
155215,Olivia,Garcia,2026-02-13 06:59:30,2026-02-13 10:29:15,999,DENIED,0
156091,Emma,Jones,2026-02-17 17:51:25,2026-02-19 00:59:25,2400,APPROVED,2774
156943,Oliver,Adams,2026-02-25 18:40:49,2026-02-27 11:37:12,300,APPROVED,171
157896,Oliver,Garcia,2026-03-01 17:51:52,2026-03-03 04:56:06,600,APPEALED,0
157986,Theodore,Garcia,2026-03-07 03:12:38,2026-03-07 21:27:15,400,DENIED,0
158347,Mia,Adams,2026-03-11 20:48:16,2026-03-12 22:00:10,225,DELIVERED,128
158508,Noah,Cooper,2026-03-13 11:34:15,2026-03-14 14:59:57,65,DELIVERED,16
158836,Theodore,Miller,2026-03-16 09:44:03,2026-03-17 15:44:49,475,APPEALED,0
158867,Emma,Johnson,2026-03-22 03:14:30,2026-03-23 20:03:57,65,APPROVED,33
159279,Mia,Johnson,2026-03-27 07:01:40,2026-03-28 13:53:29,900,IN-PROGRESS - APPROVAL,0
159864,Evelyn,Smith,2026-03-29 23:33:47,2026-03-30 09:49:06,100,DELIVERED,187
160157,William,Jones,2026-04-01 20:46:47,2026-04-02 19:47:31,999,APPEALED,0
160996,Liam,Zamora,2026-04-06 04:32:47,2026-04-07 20:36:13,1200,DELIVERED,1550
161039,Benjamin,Brown,2026-04-11 20:36:44,2026-04-12 02:21:26,350,APPEALED,0
161044,Harper,Williams,2026-04-22 00:08:28,2026-04-23 04:27:54,110,DELIVERED,186
161401,Isabella,Johnson,2026-04-24 02:47:09,2026-04-24 17:53:53,150,DELIVERED,179
162245,Ava,Hernandez,2026-05-04 12:28:15,2026-05-05 12:17:09,1500,DELIVERED,2037
163216,Liam,Jones,2026-05-14 18:07:15,2026-05-14 22:42:21,450,APPEALED,0
163373,Charlotte,Zamora,2026-05-15 19:47:20,2026-05-17 15:51:49,2500,IN-PROGRESS - COMMITTEE,0
164335,Sophia,Zamora,2026-05-17 23:44:44,2026-05-19 22:42:41,1200,APPROVED,1989
165070,Lucas,Brown,2026-05-22 14:02:05,2026-05-23 22:19:10,225,IN-PROGRESS - APPROVAL,0
166060,Oliver,Adams,2026-05-26 02:35:36,2026-05-26 08:26:51,540,APPEALED,0
166698,Amelia,Smith,2026-05-31 09:00:42,2026-06-01 02:12:21,50,APPEALED,0
167017,Theodore,Nguyen,2026-06-02 09:01:39,2026-06-03 02:18:37,999,DENIED,0
167317,Harper,Miller,2026-06-08 20:36:44,2026-06-09 03:49:01,650,DELIVERED,618
167851,Olivia,Jones,2026-06-09 23:54:31,2026-06-11 16:19:03,900,APPEALED,0
168241,Noah,Williams,2026-06-10 01:15:05,2026-06-11 20:54:01,550,DELIVERED,816
168278,Olivia,Cooper,2026-06-17 12:25:18,2026-06-17 18:37:34,300,APPEALED,0
168958,Liam,Zamora,2026-06-27 05:08:07,2026-06-28 14:15:56,65,APPROVED,21
169815,William,Williams,2026-07-07 11:26:10,2026-07-08 13:12:59,860,DENIED - FIN FITNESS MEETING,0
170337,Harper,Miller,2026-07-12 00:07:37,2026-07-12 01:35:04,1400,IN-PROGRESS - COMMITTEE,0
170794,Elijah,Smith,2026-07-17 19:38:51,2026-07-19 01:04:41,800,APPEALED,0
170862,William,Miller,2026-07-25 10:35:41,2026-07-26 20:10:21,2500,DELIVERED,662
170879,Isabella,Smith,2026-07-31 11:23:13,2026-08-01 11:44:50,110,APPROVED,185
170922,Sophia,Johnson,2026-07-31 16:43:01,2026-08-01 09:57:28,2500,DELIVERED,535
171024,Harper,Jones,2026-08-10 01:48:43,2026-08-10 04:44:26,600,DENIED - FIN FITNESS MEETING,0
171099,Oliver,Brown,2026-08-14 09:31:04,2026-08-15 13:31:30,350,APPEALED,0
171802,Isabella,Smith,2026-08-16 03:06:56,2026-08-16 12:36:07,65,DENIED - FIN FITNESS MEETING,0
172242,Lucas,Zamora,2026-08-16 19:41:56,2026-08-17 21:13:45,650,DENIED,0
173104,Amelia,Miller,2026-08-17 06:35:50,2026-08-17 23:39:02,350,APPROVED,555
173750,Theodore,Brown,2026-08-27 14:19:16,2026-08-29 08:09:16,475,DENIED,0
174551,Emma,Nguyen,2026-09-02 13:25:50,2026-09-04 08:01:56,120,IN-PROGRESS - APPROVAL,0
174617,Amelia,Nguyen,2026-09-02 18:05:22,2026-09-03 18:28:14,400,DELIVERED,136
175440,Sophia,Smith,2026-09-10 23:52:55,2026-09-12 04:39:57,600,DENIED,0
176315,Benjamin,Adams,2026-09-18 16:21:13,2026-09-20 00:09:11,800,DENIED - FIN FITNESS MEETING,0
177123,Henry,Cooper,2026-09-25 17:12:59,2026-09-27 17:53:44,50,IN-PROGRESS - APPROVAL,0
177302,Harper,Johnson,2026-09-26 19:13:05,2026-09-28 14:10:59,900,DENIED,0
177700,Theodore,Cooper,2026-09-29 00:21:00,2026-09-29 09:41:30,860,DELIVERED,1477
178333,Noah,Johnson,2026-10-09 01:09:58,2026-10-10 06:36:40,2000,DELIVERED,3455
179308,Liam,Smith,2026-10-18 16:05:09,2026-10-20 00:17:49,300,DENIED,0
179418,Charlotte,Hernandez,2026-10-27 02:13:08,2026-10-27 13:55:17,105,DENIED - FIN FITNESS MEETING,0
179545,Theodore,Nguyen,2026-11-01 05:29:22,2026-11-03 05:21:50,2000,APPEALED,0
180205,Emma,Johnson,2026-11-07 13:48:34,2026-11-08 14:48:49,105,APPROVED,38
180724,Mia,Cooper,2026-11-17 14:04:49,2026-11-19 14:43:39,50,DELIVERED,35
181311,Charlotte,Hernandez,2026-11-28 05:01:33,2026-11-29 22:02:01,300,DELIVERED,254
182140,Elijah,Hernandez,2026-12-03 07:08:28,2026-12-04 04:17:16,540,APPEALED,0
182550,Theodore,Cooper,2026-12-08 05:52:49,2026-12-08 13:30:13,50,APPROVED,74
183495,Harper,Hernandez,2026-12-17 21:08:19,2026-12-18 00:12:51,450,APPEALED,0
183745,Mia,Nguyen,2026-12-28 19:02:43,2026-12-29 19:05:19,790,DELIVERED,887
184711,Isabella,Johnson,2027-01-02 16:37:41,2027-01-02 19:49:29,550,DENIED - FIN FITNESS MEETING,0
185114,Isabella,Hernandez,2027-01-13 16:38:28,2027-01-15 07:56:47,790,APPEALED,0
186027,Ava,Brown,2027-01-15 16:54:41,2027-01-16 18:38:51,105,IN-PROGRESS - APPROVAL,0
186873,Charlotte,Williams,2027-01-23 09:34:32,2027-01-25 09:52:38,900,APPEALED,0
187265,Lucas,Jones,2027-01-30 16:57:26,2027-02-01 04:02:47,110,APPEALED,0
187496,Harper,Johnson,2027-02-01 23:40:05,2027-02-02 08:10:54,50,DENIED,0
188356,Amelia,Adams,2027-02-08 21:05:51,2027-02-10 05:44:53,120,DENIED,0
189168,William,Cooper,2027-02-17 13:07:41,2027-02-19 12:30:21,110,APPEALED,0
189528,Ava,Miller,2027-02-18 14:41:25,2027-02-20 06:48:28,110,APPROVED,180
190430,Benjamin,Nguyen,2027-02-25 23:10:05,2027-02-26 19:16:25,450,DELIVERED,64
190435,Olivia,Johnson,2027-03-03 12:04:19,2027-03-03 15:05:16,450,DELIVERED,762
191136,William,Garcia,2027-03-04 10:16:01,2027-03-04 16:39:18,2500,IN-PROGRESS - COMMITTEE,0
192076,Charlotte,Zamora,2027-03-06 03:21:46,2027-03-06 10:02:14,450,APPROVED,131
193036,Lucas,Hernandez,2027-03-15 15:53:10,2027-03-16 08:34:49,650,APPROVED,1027
193747,Harper,Nguyen,2027-03-18 07:04:55,2027-03-19 07:55:50,1200,APPEALED,0
193926,Evelyn,Miller,2027-03-22 01:00:08,2027-03-23 08:23:23,300,IN-PROGRESS - APPROVAL,0
194111,Liam,Hernandez,2027-04-01 19:36:50,2027-04-02 19:46:03,900,DELIVERED,303
194645,Sophia,Hernandez,2027-04-10 22:41:20,2027-04-11 20:55:35,225,APPEALED,0
194871,Oliver,Hernandez,2027-04-11 23:09:40,2027-04-13 23:39:04,105,APPEALED,0
194939,Emma,Johnson,2027-04-17 15:23:10,2027-04-18 06:44:37,65,IN-PROGRESS - APPROVAL,0
195854,Evelyn,Nguyen,2027-04-18 06:23:25,2027-04-18 11:23:55,50,DENIED,0
196208,Liam,Nguyen,2027-04-25 13:48:18,2027-04-25 21:02:09,600,APPEALED,0
196757,Benjamin,Johnson,2027-05-01 16:57:53,2027-05-03 16:07:23,800,DENIED - FIN FITNESS MEETING,0
196828,Lucas,Brown,2027-05-09 07:18:01,2027-05-10 10:36:07,120,DELIVERED,94
197661,Charlotte,Smith,2027-05-18 10:28:19,2027-05-19 16:24:48,65,DENIED,0
197818,Isabella,Smith,2027-05-19 12:14:14,2027-05-19 20:58:14,999,IN-PROGRESS - APPROVAL,0
198806,Isabella,Adams,2027-05-26 14:46:21,2027-05-26 23:00:26,120,APPEALED,0
199149,Isabella,Nguyen,2027-06-05 08:23:55,2027-06-06 16:55:12,475,APPROVED,770
199562,Henry,Johnson,2027-06-13 22:53:35,2027-06-15 02:16:56,225,APPEALED,0
200031,Oliver,Brown,2027-06-15 09:02:35,2027-06-16 09:12:20,450,APPEALED,0
200535,Emma,Zamora,2027-06-19 21:10:48,2027-06-20 15:36:17,120,DENIED - FIN FITNESS MEETING,0
201242,Mia,Brown,2027-06-27 02:52:38,2027-06-28 00:47:21,2000,DELIVERED,988
201400,Elijah,Miller,2027-06-29 21:24:17,2027-06-30 07:08:20,900,APPEALED,0
201615,Theodore,Smith,2027-06-30 21:58:56,2027-07-02 02:58:19,300,DELIVERED,576
202186,James,Cooper,2027-07-01 03:17:39,2027-07-02 16:44:38,2400,APPROVED,3784
202753,Evelyn,Hernandez,2027-07-04 23:36:29,2027-07-06 02:54:22,450,DENIED - FIN FITNESS MEETING,0
203481,Isabella,Garcia,2027-07-06 15:04:01,2027-07-07 12:07:01,100,APPEALED,0
203703,Olivia,Hernandez,2027-07-10 18:56:52,2027-07-11 01:14:32,540,APPROVED,370
204545,James,Jones,2027-07-12 20:41:45,2027-07-13 10:03:14,120,IN-PROGRESS - APPROVAL,0
205152,Amelia,Nguyen,2027-07-21 14:30:48,2027-07-22 16:04:44,1500,DENIED,0
205494,William,Miller,2027-07-31 11:10:03,2027-07-31 14:17:18,50,APPEALED,0
206390,Mia,Williams,2027-08-01 18:58:14,2027-08-02 19:24:26,300,IN-PROGRESS - APPROVAL,0
206919,William,Brown,2027-08-04 04:16:00,2027-08-04 04:51:22,1500,APPEALED,0
207412,Noah,Zamora,2027-08-12 15:03:58,2027-08-13 13:10:09,999,APPEALED,0
207598,Elijah,Jones,2027-08-17 00:21:53,2027-08-18 00:31:01,200,APPEALED,0
208351,James,Cooper,2027-08-20 03:59:00,2027-08-20 09:53:07,2000,DENIED,0
209272,Noah,Jones,2027-08-25 21:36:56,2027-08-27 02:20:47,1500,DENIED,0
209706,Benjamin,Garcia,2027-09-04 09:43:13,2027-09-06 09:41:30,860,DELIVERED,530
210603,Isabella,Brown,2027-09-12 04:59:13,2027-09-13 04:20:20,120,APPEALED,0
211216,Isabella,Cooper,2027-09-21 23:45:50,2027-09-23 08:44:50,120,APPEALED,0
211672,Benjamin,Jones,2027-09-30 09:20:37,2027-10-02 00:06:09,600,APPEALED,0
212180,Olivia,Hernandez,2027-10-04 09:40:15,2027-10-04 20:16:16,120,IN-PROGRESS - APPROVAL,0
212839,Noah,Johnson,2027-10-10 22:31:42,2027-10-11 22:20:12,300,DENIED,0
213729,William,Garcia,2027-10-19 12:13:07,2027-10-19 13:39:35,300,APPROVED,249
214063,Henry,Zamora,2027-10-21 21:38:27,2027-10-22 21:50:12,120,IN-PROGRESS - APPROVAL,0
214268,James,Brown,2027-10-26 15:38:50,2027-10-26 18:30:28,400,DENIED - FIN FITNESS MEETING,0
214477,Elijah,Miller,2027-11-02 20:18:05,2027-11-04 14:18:43,790,IN-PROGRESS - APPROVAL,0
215112,Charlotte,Brown,2027-11-10 00:07:52,2027-11-11 23:42:52,550,IN-PROGRESS - APPROVAL,0
215546,Theodore,Zamora,2027-11-19 03:50:35,2027-11-20 05:51:10,1500,APPROVED,1149
215992,William,Miller,2027-11-25 18:58:09,2027-11-26 17:27:32,1400,DELIVERED,1438
216973,Isabella,Hernandez,2027-11-29 02:39:53,2027-11-29 11:37:18,50,APPROVED,58
217328,Ava,Adams,2027-12-07 13:43:49,2027-12-09 08:58:38,550,DENIED - FIN FITNESS MEETING,0
218226,Noah,Zamora,2027-12-11 06:12:23,2027-12-12 06:45:02,150,DELIVERED,267
218894,Harper,Johnson,2027-12-16 00:48:36,2027-12-16 11:01:17,110,DELIVERED,97
219352,Oliver,Miller,2027-12-24 04:36:26,2027-12-26 03:50:41,900,IN-PROGRESS - APPROVAL,0
219559,Elijah,Zamora,2027-12-28 14:24:30,2027-12-30 15:08:28,450,IN-PROGRESS - APPROVAL,0
220200,Harper,Johnson,2027-12-31 23:59:15,2028-01-02 19:58:34,860,DELIVERED,1386
220573,Charlotte,Garcia,2028-01-10 01:37:07,2028-01-11 03:21:24,400,APPROVED,602
220728,Sophia,Garcia,2028-01-20 22:40:08,2028-01-22 14:54:19,800,DENIED - FIN FITNESS MEETING,0
220746,Sophia,Cooper,2028-01-30 14:33:36,2028-01-30 19:29:13,350,DENIED - FIN FITNESS MEETING,0
221681,Liam,Garcia,2028-02-05 03:00:24,2028-02-06 01:33:34,540,DENIED,0
222624,Ava,Garcia,2028-02-05 22:26:19,2028-02-06 20:41:58,650,DENIED - FIN FITNESS MEETING,0
223041,Noah,Jones,2028-02-10 01:33:46,2028-02-10 04:04:15,790,DENIED,0
223562,Theodore,Williams,2028-02-16 01:52:57,2028-02-17 19:32:51,650,APPEALED,0
224273,Elijah,Johnson,2028-02-23 00:39:12,2028-02-24 01:58:22,120,DELIVERED,190
224715,James,Hernandez,2028-03-04 09:59:18,2028-03-05 14:06:16,100,APPROVED,122
224875,Theodore,Johnson,2028-03-12 11:22:54,2028-03-12 15:05:57,1200,APPROVED,1977
224892,Charlotte,Adams,2028-03-19 07:22:22,2028-03-19 22:35:57,200,DENIED - FIN FITNESS MEETING,0
225184,Sophia,Jones,2028-03-29 18:10:41,2028-03-30 18:24:47,2500,IN-PROGRESS - COMMITTEE,0
225642,Theodore,Jones,2028-03-31 00:51:29,2028-04-01 01:04:04,790,DENIED,0
226148,Lucas,Hernandez,2028-04-02 21:37:55,2028-04-03 20:57:09,2400,DELIVERED,584
226364,Charlotte,Johnson,2028-04-07 10:04:01,2028-04-08 02:03:50,790,IN-PROGRESS - APPROVAL,0
226873,Evelyn,Smith,2028-04-18 07:05:17,2028-04-20 05:54:43,65,DENIED - FIN FITNESS MEETING,0
227288,Noah,Johnson,2028-04-22 08:41:18,2028-04-23 09:33:56,300,APPROVED,303
228243,Charlotte,Smith,2028-04-29 14:28:36,2028-05-01 05:56:40,200,DENIED,0
228877,Isabella,Zamora,2028-05-10 13:49:41,2028-05-11 03:28:48,120,DENIED - FIN FITNESS MEETING,0
229011,Liam,Williams,2028-05-18 08:49:41,2028-05-20 02:44:40,860,APPEALED,0
229924,Benjamin,Smith,2028-05-27 01:26:10,2028-05-27 08:53:29,120,APPROVED,71
230876,Elijah,Williams,2028-06-04 14:46:07,2028-06-05 15:17:39,2000,IN-PROGRESS - COMMITTEE,0
231828,Ava,Adams,2028-06-14 21:12:12,2028-06-16 12:34:37,65,APPROVED,121
232706,William,Miller,2028-06-24 08:41:32,2028-06-26 07:45:13,200,DENIED,0
232761,Amelia,Cooper,2028-06-30 10:42:18,2028-07-01 19:49:52,2000,APPROVED,1005
232945,Harper,Johnson,2028-07-09 14:49:25,2028-07-10 19:06:25,999,IN-PROGRESS - APPROVAL,0
233809,Sophia,Smith,2028-07-09 17:16:25,2028-07-11 09:07:45,900,DELIVERED,754
234755,Sophia,Nguyen,2028-07-12 03:17:04,2028-07-12 22:33:39,600,DENIED - FIN FITNESS MEETING,0
235068,Noah,Miller,2028-07-22 20:17:31,2028-07-24 11:08:37,999,APPROVED,1698
235796,Harper,Cooper,2028-07-31 14:02:25,2028-08-02 02:40:11,1200,DENIED,0
235868,Olivia,Hernandez,2028-08-02 17:03:05,2028-08-02 22:00:15,120,DELIVERED,7
235997,Henry,Smith,2028-08-13 14:27:40,2028-08-14 05:20:23,2400,DELIVERED,370
236716,Harper,Jones,2028-08-24 04:02:14,2028-08-24 06:43:22,150,DENIED - FIN FITNESS MEETING,0
237270,Theodore,Adams,2028-08-27 21:29:39,2028-08-28 01:40:12,1500,APPEALED,0
237802,Amelia,Johnson,2028-08-30 06:53:37,2028-08-31 22:23:53,900,APPEALED,0
237826,Amelia,Garcia,2028-09-02 03:05:30,2028-09-02 04:38:43,105,APPROVED,56
238105,Sophia,Williams,2028-09-12 20:17:52,2028-09-13 12:47:14,2000,IN-PROGRESS - COMMITTEE,0
239065,Liam,Hernandez,2028-09-21 18:18:33,2028-09-22 09:14:59,550,DENIED - FIN FITNESS MEETING,0
239833,Benjamin,Zamora,2028-09-25 13:53:12,2028-09-26 21:42:57,300,DELIVERED,381
240830,James,Nguyen,2028-10-01 01:56:49,2028-10-01 13:55:34,200,DELIVERED,249
240875,Benjamin,Smith,2028-10-09 22:52:20,2028-10-10 22:21:16,1200,DELIVERED,66
241433,Olivia,Cooper,2028-10-18 13:46:35,2028-10-19 03:17:42,1400,APPEALED,0
241947,Evelyn,Smith,2028-10-26 05:20:48,2028-10-27 13:21:23,550,APPROVED,907
242375,Liam,Zamora,2028-10-27 18:13:01,2028-10-28 00:06:35,65,APPEALED,0
242461,Benjamin,Jones,2028-10-28 17:52:37,2028-10-29 05:30:45,600,DELIVERED,334
242566,Henry,Hernandez,2028-10-29 02:04:07,2028-10-30 02:29:46,800,IN-PROGRESS - APPROVAL,0
243452,Olivia,Adams,2028-10-30 02:15:41,2028-10-31 00:11:27,225,DELIVERED,315
243851,Oliver,Miller,2028-11-08 23:21:34,2028-11-10 12:13:38,150,DELIVERED,193
244230,Harper,Cooper,2028-11-15 10:29:55,2028-11-16 04:43:50,100,DELIVERED,41
244994,Emma,Jones,2028-11-22 14:48:25,2028-11-23 14:50:51,2400,DENIED,0
245517,Ava,Zamora,2028-11-24 05:39:54,2028-11-25 21:57:21,225,IN-PROGRESS - APPROVAL,0
245725,Theodore,Brown,2028-11-30 15:30:38,2028-11-30 18:16:04,120,DENIED,0
246587,William,Cooper,2028-12-02 10:56:34,2028-12-02 11:04:09,110,APPROVED,194
247373,Benjamin,Cooper,2028-12-13 05:03:35,2028-12-13 15:22:34,860,DELIVERED,1329
247717,Elijah,Johnson,2028-12-23 00:01:42,2028-12-24 12:52:41,100,IN-PROGRESS - APPROVAL,0
248460,Olivia,Cooper,2029-01-01 11:02:57,2029-01-01 18:22:50,400,APPEALED,0
249243,Harper,Smith,2029-01-06 10:22:17,2029-01-07 21:27:02,350,IN-PROGRESS - APPROVAL,0
249961,Mia,Zamora,2029-01-09 15:19:02,2029-01-11 11:18:39,790,DENIED,0
250316,Charlotte,Nguyen,2029-01-13 19:59:03,2029-01-15 15:35:44,2500,DELIVERED,4577
251153,Emma,Brown,2029-01-18 20:49:09,2029-01-20 03:36:15,110,APPROVED,102
251435,Theodore,Hernandez,2029-01-20 20:59:29,2029-01-22 16:50:14,475,DELIVERED,2
251535,Lucas,Smith,2029-01-25 03:58:46,2029-01-26 12:51:17,2400,DELIVERED,1421
251938,Isabella,Williams,2029-02-03 01:53:14,2029-02-04 04:52:15,999,APPROVED,112
252649,Sophia,Zamora,2029-02-09 14:37:27,2029-02-11 04:28:01,65,DENIED,0
253621,Charlotte,Garcia,2029-02-11 23:44:34,2029-02-13 07:07:34,2400,DENIED,0
254276,Noah,Johnson,2029-02-13 03:09:29,2029-02-14 19:01:44,540,APPEALED,0
254945,Olivia,Nguyen,2029-02-22 20:25:01,2029-02-24 04:07:52,50,DELIVERED,86
255744,Ava,Miller,2029-02-25 12:25:35,2029-02-26 17:27:00,1500,DENIED,0
255955,Olivia,Cooper,2029-03-05 01:12:29,2029-03-06 23:31:33,100,DENIED,0
256091,Charlotte,Jones,2029-03-14 19:12:45,2029-03-15 03:15:59,300,APPEALED,0
256298,Mia,Williams,2029-03-23 19:23:26,2029-03-24 12:12:06,105,IN-PROGRESS - APPROVAL,0
257237,Oliver,Williams,2029-03-30 17:09:58,2029-03-31 22:26:26,100,APPROVED,129
258227,Olivia,Zamora,2029-04-09 18:28:27,2029-04-10 13:09:36,860,DELIVERED,1469
258235,Ava,Williams,2029-04-19 01:42:05,2029-04-19 10:30:34,860,IN-PROGRESS - APPROVAL,0
258285,Noah,Zamora,2029-04-22 17:45:30,2029-04-24 07:45:06,475,IN-PROGRESS - APPROVAL,0
258326,Evelyn,Miller,2029-04-23 19:27:17,2029-04-25 05:58:26,120,IN-PROGRESS - APPROVAL,0
259095,Lucas,Hernandez,2029-04-28 23:06:22,2029-04-30 05:21:04,200,IN-PROGRESS - APPROVAL,0
260076,Benjamin,Smith,2029-05-07 00:23:12,2029-05-08 01:02:38,450,APPEALED,0
260428,Charlotte,Adams,2029-05-08 17:27:52,2029-05-10 08:35:12,150,IN-PROGRESS - APPROVAL,0
261283,Harper,Nguyen,2029-05-19 14:16:46,2029-05-20 12:42:58,225,DENIED,0
261449,Noah,Nguyen,2029-05-29 19:13:41,2029-05-29 19:20:58,2000,DENIED,0
261988,Amelia,Miller,2029-06-05 06:23:31,2029-06-06 09:30:39,800,DELIVERED,1133
262908,Mia,Williams,2029-06-14 14:57:18,2029-06-15 14:27:39,110,APPROVED,16
263175,Liam,Zamora,2029-06-16 16:55:37,2029-06-17 11:02:25,2500,APPROVED,2747
263320,Harper,Nguyen,2029-06-23 10:54:48,2029-06-25 07:11:08,450,IN-PROGRESS - APPROVAL,0
264143,Noah,Hernandez,2029-06-25 19:18:37,2029-06-27 07:20:11,2000,DENIED,0
264541,Lucas,Miller,2029-07-04 02:25:27,2029-07-04 10:57:25,65,DELIVERED,103
264577,Amelia,Smith,2029-07-12 20:37:24,2029-07-14 16:08:52,350,DENIED,0
265123,Sophia,Brown,2029-07-19 23:39:39,2029-07-20 10:43:15,800,IN-PROGRESS - APPROVAL,0
265659,Mia,Nguyen,2029-07-29 14:27:52,2029-07-29 17:20:55,2500,APPEALED,0
265944,James,Smith,2029-08-08 02:52:23,2029-08-09 03:34:44,1400,IN-PROGRESS - COMMITTEE,0
265955,Charlotte,Johnson,2029-08-17 19:45:10,2029-08-19 00:43:18,400,DELIVERED,660
266747,James,Hernandez,2029-08-22 04:26:39,2029-08-22 06:13:00,400,APPROVED,330
267158,Liam,Smith,2029-08-22 11:47:45,2029-08-22 11:53:35,550,DENIED - FIN FITNESS MEETING,0
268145,Mia,Smith,2029-08-24 06:55:42,2029-08-25 18:50:31,1200,APPEALED,0
268765,Theodore,Jones,2029-08-29 02:38:50,2029-08-30 17:13:09,2000,DENIED,0
269110,Henry,Smith,2029-09-01 12:10:06,2029-09-02 22:21:05,50,APPROVED,79
269511,Amelia,Jones,2029-09-11 05:31:02,2029-09-12 05:24:21,2500,APPEALED,0
269960,Harper,Nguyen,2029-09-19 10:37:49,2029-09-20 12:07:49,650,APPEALED,0
270571,James,Adams,2029-09-20 13:23:54,2029-09-21 22:27:04,2000,DELIVERED,205
270831,Theodore,Cooper,2029-09-30 16:31:40,2029-10-02 14:06:27,2000,APPEALED,0
271042,Lucas,Jones,2029-10-08 15:35:40,2029-10-09 07:54:46,800,DELIVERED,1381
271500,Elijah,Williams,2029-10-10 17:18:58,2029-10-12 05:13:01,1500,IN-PROGRESS - COMMITTEE,0
272419,Amelia,Johnson,2029-10-10 23:28:51,2029-10-11 08:54:15,350,APPEALED,0
273232,Amelia,Williams,2029-10-18 00:11:04,2029-10-19 15:39:35,800,DENIED,0
273563,Lucas,Smith,2029-10-21 13:36:53,2029-10-22 16:44:39,1400,DELIVERED,701
274213,Amelia,Adams,2029-10-22 03:47:32,2029-10-23 13:23:30,65,DENIED,0
274653,Elijah,Johnson,2029-10-23 11:23:18,2029-10-25 02:28:53,2500,DELIVERED,2424
275606,Emma,Jones,2029-11-01 03:35:06,2029-11-02 17:37:48,100,APPROVED,164
276344,Theodore,Cooper,2029-11-07 17:26:03,2029-11-08 02:32:35,860,APPEALED,0
277285,Isabella,Hernandez,2029-11-13 14:09:14,2029-11-13 15:43:34,110,IN-PROGRESS - APPROVAL,0
277442,Emma,Williams,2029-11-16 10:59:13,2029-11-17 16:31:13,65,IN-PROGRESS - APPROVAL,0
278063,James,Adams,2029-11-26 01:19:19,2029-11-27 01:45:28,300,DENIED,0
278980,William,Garcia,2029-12-02 15:42:03,2029-12-03 15:36:04,450,APPEALED,0
279955,James,Johnson,2029-12-02 18:45:47,2029-12-03 13:11:37,2500,APPROVED,4694
280309,Olivia,Miller,2029-12-09 00:33:39,2029-12-09 05:55:05,100,DENIED - FIN FITNESS MEETING,0
280990,Theodore,Nguyen,2029-12-12 11:22:07,2029-12-13 18:16:15,2500,IN-PROGRESS - COMMITTEE,0
281182,William,Adams,2029-12-17 16:09:05,2029-12-18 15:34:19,2000,DELIVERED,721
281257,Sophia,Jones,2029-12-23 07:14:54,2029-12-23 19:36:43,900,APPEALED,0
282190,Oliver,Miller,2029-12-28 18:35:50,2029-12-30 11:03:31,350,IN-PROGRESS - APPROVAL,0
282645,Amelia,Cooper,2030-01-04 15:59:29,2030-01-05 01:58:16,2000,APPROVED,754
283240,Charlotte,Cooper,2030-01-08 16:05:18,2030-01-09 23:53:30,550,APPROVED,151
283418,Evelyn,Hernandez,2030-01-13 19:14:35,2030-01-15 06:42:45,150,DENIED,0
283725,Mia,Johnson,2030-01-15 21:32:19,2030-01-17 08:53:43,100,IN-PROGRESS - APPROVAL,0
283935,Amelia,Cooper,2030-01-24 00:14:53,2030-01-25 22:49:31,790,APPEALED,0
284111,James,Garcia,2030-01-31 20:27:31,2030-02-01 04:56:12,400,APPROVED,768
284247,Henry,Nguyen,2030-02-09 08:04:58,2030-02-10 22:24:22,225,DENIED,0
284520,Emma,Garcia,2030-02-12 06:56:44,2030-02-12 12:12:33,2400,APPEALED,0
284960,Isabella,Miller,2030-02-20 17:05:11,2030-02-21 05:16:38,600,APPEALED,0
285197,Theodore,Garcia,2030-02-21 05:44:40,2030-02-21 19:53:31,1500,IN-PROGRESS - COMMITTEE,0
285272,Noah,Nguyen,2030-02-28 22:49:31,2030-03-02 09:04:26,800,APPEALED,0
285859,Charlotte,Williams,2030-03-05 04:47:36,2030-03-06 04:36:12,600,IN-PROGRESS - APPROVAL,0
286616,Emma,Zamora,2030-03-06 15:39:51,2030-03-07 09:56:54,540,APPROVED,26
287493,Charlotte,Williams,2030-03-07 00:05:20,2030-03-08 04:53:10,1400,APPEALED,0
287841,Olivia,Hernandez,2030-03-08 18:11:24,2030-03-10 16:59:21,350,IN-PROGRESS - APPROVAL,0
288206,Charlotte,Jones,2030-03-17 05:52:58,2030-03-17 10:32:48,1500,DELIVERED,1984
288963,Emma,Jones,2030-03-20 08:03:58,2030-03-21 17:41:14,790,DELIVERED,329
289174,Sophia,Jones,2030-03-20 17:13:11,2030-03-22 12:52:35,200,APPROVED,165
289760,Noah,Jones,2030-03-25 21:28:37,2030-03-26 08:01:57,225,DENIED,0
290541,Isabella,Zamora,2030-03-25 22:31:37,2030-03-26 19:09:55,110,IN-PROGRESS - APPROVAL,0
290580,Emma,Nguyen,2030-04-05 17:20:57,2030-04-06 02:02:40,900,IN-PROGRESS - APPROVAL,0
290659,Harper,Johnson,2030-04-08 08:25:48,2030-04-09 03:59:29,550,DENIED - FIN FITNESS MEETING,0
290762,Amelia,Brown,2030-04-19 02:37:48,2030-04-19 05:46:46,860,DELIVERED,267
290772,Oliver,Miller,2030-04-22 05:20:12,2030-04-24 02:10:24,1400,APPEALED,0
291310,Theodore,Williams,2030-04-28 08:33:05,2030-04-29 22:11:20,350,APPROVED,203
291431,Liam,Zamora,2030-04-30 01:21:32,2030-04-30 17:13:36,300,APPEALED,0
292031,Charlotte,Nguyen,2030-05-10 02:34:31,2030-05-11 01:43:28,650,APPEALED,0
292101,Benjamin,Adams,2030-05-20 01:50:30,2030-05-21 06:56:14,540,DENIED,0
292126,Theodore,Johnson,2030-05-23 14:37:24,2030-05-24 23:11:47,200,APPROVED,390
292551,James,Smith,2030-05-30 19:52:30,2030-05-31 09:50:19,2000,APPROVED,2408
292973,Ava,Smith,2030-06-09 01:55:06,2030-06-10 00:34:06,200,APPROVED,298
293933,Sophia,Smith,2030-06-11 04:47:17,2030-06-11 22:20:43,790,DELIVERED,282
294711,Mia,Brown,2030-06-15 01:06:15,2030-06-16 12:58:30,450,APPROVED,847
295436,James,Garcia,2030-06-20 07:22:08,2030-06-21 08:07:57,550,DELIVERED,99
296264,Lucas,Cooper,2030-06-26 07:30:27,2030-06-27 07:13:08,300,APPEALED,0
297201,Liam,Zamora,2030-07-04 04:46:02,2030-07-04 18:59:12,790,DENIED,0
298067,Lucas,Hernandez,2030-07-10 14:42:48,2030-07-12 04:56:06,1400,APPEALED,0
298274,James,Brown,2030-07-18 06:01:57,2030-07-19 01:57:24,650,IN-PROGRESS - APPROVAL,0
299260,Harper,Jones,2030-07-21 15:08:46,2030-07-23 05:16:37,860,DELIVERED,759
299642,Lucas,Cooper,2030-07-24 01:58:14,2030-07-24 02:30:47,2000,APPEALED,0
299979,James,Smith,2030-08-01 15:16:28,2030-08-02 09:11:59,999,DENIED - FIN FITNESS MEETING,0
300384,Harper,Brown,2030-08-04 02:25:04,2030-08-05 17:45:25,475,DELIVERED,369
300713,Elijah,Brown,2030-08-04 08:19:32,2030-08-04 18:38:28,1400,APPROVED,2342
300849,James,Smith,2030-08-05 12:23:27,2030-08-05 12:41:26,225,APPROVED,125
301133,Olivia,Cooper,2030-08-08 14:13:29,2030-08-10 10:02:03,650,APPROVED,834
301691,Benjamin,Williams,2030-08-12 07:38:11,2030-08-13 12:56:49,800,APPROVED,824
302578,Isabella,Jones,2030-08-19 21:59:16,2030-08-21 11:32:11,860,DELIVERED,858
302687,Olivia,Garcia,2030-08-25 19:11:13,2030-08-25 19:57:28,225,APPROVED,178
302928,Harper,Hernandez,2030-09-05 11:11:30,2030-09-05 11:43:30,650,APPROVED,1016
303219,William,Brown,2030-09-12 22:55:17,2030-09-13 13:02:30,999,DELIVERED,1175
303741,Mia,Johnson,2030-09-16 12:46:31,2030-09-16 17:39:32,790,IN-PROGRESS - APPROVAL,0
304623,Evelyn,Jones,2030-09-24 01:33:12,2030-09-24 07:07:09,450,APPEALED,0
305135,Olivia,Garcia,2030-10-01 20:58:26,2030-10-03 16:04:00,50,DELIVERED,59
305853,Mia,Jones,2030-10-02 02:19:49,2030-10-02 21:01:37,550,IN-PROGRESS - APPROVAL,0
306522,Harper,Garcia,2030-10-10 14:03:59,2030-10-11 23:07:01,650,APPROVED,180
306951,William,Adams,2030-10-20 14:46:55,2030-10-20 17:18:59,550,APPROVED,66
307537,Sophia,Johnson,2030-10-22 03:40:20,2030-10-22 13:44:14,200,DENIED,0
308518,Emma,Miller,2030-10-27 22:40:12,2030-10-28 09:24:45,2400,APPROVED,1229
309408,Amelia,Cooper,2030-11-02 21:10:19,2030-11-03 04:52:28,800,DELIVERED,87
309573,Ava,Nguyen,2030-11-03 02:23:50,2030-11-04 08:36:54,800,IN-PROGRESS - APPROVAL,0
309821,Henry,Williams,2030-11-05 05:29:24,2030-11-06 13:38:55,2000,DELIVERED,1032
310313,Theodore,Garcia,2030-11-09 20:05:28,2030-11-10 14:46:57,650,DELIVERED,665
310443,Lucas,Brown,2030-11-09 21:46:48,2030-11-11 05:51:40,2000,APPROVED,3735
311014,Benjamin,Hernandez,2030-11-15 14:18:59,2030-11-16 03:43:02,105,APPEALED,0
311423,Amelia,Jones,2030-11-18 04:02:58,2030-11-19 20:06:35,2000,APPROVED,2576
312070,Amelia,Miller,2030-11-22 07:43:38,2030-11-22 12:50:40,400,IN-PROGRESS - APPROVAL,0
312652,Emma,Johnson,2030-11-23 00:41:32,2030-11-23 16:40:05,200,DELIVERED,374
313051,Henry,Hernandez,2030-11-23 16:29:31,2030-11-25 09:56:27,400,IN-PROGRESS - APPROVAL,0
313291,William,Jones,2030-11-28 23:31:02,2030-11-30 02:29:07,300,IN-PROGRESS - APPROVAL,0
314140,James,Smith,2030-12-01 12:30:50,2030-12-02 04:06:09,450,DELIVERED,303
314708,Harper,Brown,2030-12-06 03:29:35,2030-12-06 19:33:24,2500,DENIED,0
314981,Noah,Smith,2030-12-07 10:22:44,2030-12-08 06:07:56,2000,DENIED,0
315185,Elijah,Nguyen,2030-12-09 09:50:18,2030-12-09 19:02:06,1400,DELIVERED,1742
315837,Noah,Hernandez,2030-12-19 15:51:23,2030-12-19 17:24:23,1200,DENIED,0
316806,Benjamin,Adams,2030-12-26 02:00:57,2030-12-26 22:12:56,790,DENIED,0
317284,Harper,Williams,2031-01-03 11:06:19,2031-01-05 06:03:26,1200,DENIED,0
318165,Amelia,Brown,2031-01-12 00:47:40,2031-01-13 17:17:49,540,APPROVED,102
318318,Isabella,Cooper,2031-01-18 04:18:53,2031-01-18 22:55:07,350,APPEALED,0
318654,Elijah,Smith,2031-01-21 03:58:30,2031-01-22 00:06:09,300,DELIVERED,223
319114,Charlotte,Smith,2031-01-24 05:50:29,2031-01-24 22:57:19,2400,DENIED,0
319457,Emma,Nguyen,2031-01-28 00:31:37,2031-01-29 10:45:52,650,DENIED - FIN FITNESS MEETING,0
319931,Olivia,Adams,2031-02-04 08:42:41,2031-02-05 05:10:24,999,DENIED - FIN FITNESS MEETING,0
320164,James,Cooper,2031-02-10 17:01:29,2031-02-11 03:41:53,200,DELIVERED,278
320194,Ava,Miller,2031-02-12 09:18:46,2031-02-13 03:56:58,50,DENIED,0
320760,William,Smith,2031-02-16 18:47:22,2031-02-16 21:53:34,600,DELIVERED,779
321528,Elijah,Cooper,2031-02-17 23:38:04,2031-02-18 06:09:43,900,DELIVERED,1051
322441,Noah,Miller,2031-02-23 17:02:15,2031-02-24 17:25:07,800,DENIED,0
322607,Evelyn,Adams,2031-02-28 05:15:14,2031-03-01 13:16:11,50,APPROVED,87
323494,Charlotte,Jones,2031-03-08 17:39:38,2031-03-08 23:17:58,2000,APPEALED,0
324081,Isabella,Zamora,2031-03-18 14:02:28,2031-03-18 14:38:48,200,DENIED - FIN FITNESS MEETING,0
324769,Oliver,Adams,2031-03-18 18:47:47,2031-03-19 04:25:22,2000,DELIVERED,3388
325502,Olivia,Adams,2031-03-28 05:21:34,2031-03-28 20:23:46,110,IN-PROGRESS - APPROVAL,0
326298,Noah,Nguyen,2031-04-07 18:17:42,2031-04-09 03:12:30,650,DENIED,0
326988,Charlotte,Cooper,2031-04-14 23:19:30,2031-04-16 16:07:07,200,DENIED - FIN FITNESS MEETING,0
327463,Theodore,Williams,2031-04-24 06:28:34,2031-04-24 10:10:53,110,APPROVED,64
328388,Noah,Nguyen,2031-04-25 06:52:21,2031-04-26 23:37:36,475,DENIED - FIN FITNESS MEETING,0
328419,Lucas,Johnson,2031-05-03 02:53:15,2031-05-04 18:46:15,860,DELIVERED,343
328991,Benjamin,Brown,2031-05-12 18:41:29,2031-05-13 20:21:36,120,DENIED,0
329746,Oliver,Zamora,2031-05-17 22:14:50,2031-05-18 20:18:06,300,APPROVED,191
330531,James,Jones,2031-05-24 04:12:59,2031-05-25 02:42:18,999,DELIVERED,95
331497,William,Williams,2031-05-27 06:29:21,2031-05-27 23:05:38,800,APPROVED,340
332126,James,Miller,2031-05-27 22:32:09,2031-05-29 04:03:26,300,APPEALED,0
332627,Emma,Miller,2031-05-30 06:05:25,2031-05-30 22:28:18,300,DENIED,0
333187,Henry,Nguyen,2031-05-30 12:32:32,2031-05-31 12:53:07,900,IN-PROGRESS - APPROVAL,0
334071,Emma,Adams,2031-06-04 08:46:32,2031-06-04 10:43:32,2000,IN-PROGRESS - COMMITTEE,0
334631,Emma,Cooper,2031-06-09 09:48:46,2031-06-11 07:26:25,100,IN-PROGRESS - APPROVAL,0
335399,Isabella,Cooper,2031-06-11 12:36:57,2031-06-11 22:30:02,450,IN-PROGRESS - APPROVAL,0
335878,Oliver,Nguyen,2031-06-18 11:40:14,2031-06-19 05:30:36,105,DELIVERED,90
336035,Noah,Smith,2031-06-23 06:48:07,2031-06-24 08:59:06,999,DENIED - FIN FITNESS MEETING,0
336507,Evelyn,Miller,2031-07-03 01:28:55,2031-07-05 01:26:20,2400,DELIVERED,3437
336514,Henry,Cooper,2031-07-12 16:05:11,2031-07-13 18:33:55,2000,APPROVED,1720
337026,Amelia,Garcia,2031-07-22 06:48:24,2031-07-23 09:36:42,999,DENIED,0
337736,William,Miller,2031-07-23 13:27:40,2031-07-25 08:04:35,2400,DENIED,0
338617,Oliver,Zamora,2031-07-29 05:40:10,2031-07-29 05:42:32,150,DENIED - FIN FITNESS MEETING,0
339314,William,Garcia,2031-08-06 06:59:36,2031-08-06 23:03:26,350,APPEALED,0
339983,Oliver,Adams,2031-08-14 12:19:27,2031-08-15 21:31:29,225,APPEALED,0
340636,Henry,Smith,2031-08-20 09:55:05,2031-08-22 00:33:57,860,IN-PROGRESS - APPROVAL,0
340870,James,Brown,2031-08-23 07:42:40,2031-08-23 10:01:02,1200,DELIVERED,520
340891,Oliver,Smith,2031-08-25 03:23:49,2031-08-25 14:12:25,650,DELIVERED,708
341371,Lucas,Zamora,2031-08-31 05:57:09,2031-09-01 20:01:47,105,DELIVERED,81
341546,Henry,Johnson,2031-09-08 08:59:53,2031-09-08 20:19:42,150,APPEALED,0
341589,Evelyn,Johnson,2031-09-15 22:07:36,2031-09-16 08:07:30,999,APPEALED,0
342018,Henry,Hernandez,2031-09-15 22:42:09,2031-09-16 15:46:09,1200,APPROVED,2139
342792,Lucas,Johnson,2031-09-24 20:34:27,2031-09-25 09:50:28,2400,DELIVERED,4019
343253,Oliver,Nguyen,2031-09-26 23:00:12,2031-09-28 17:40:45,2000,APPEALED,0
343344,William,Jones,2031-09-28 09:22:28,2031-09-28 14:28:40,999,IN-PROGRESS - APPROVAL,0
344210,Evelyn,Cooper,2031-10-02 04:39:04,2031-10-02 22:07:48,200,DELIVERED,41
344882,Elijah,Smith,2031-10-08 18:21:01,2031-10-09 01:08:23,900,IN-PROGRESS - APPROVAL,0
345057,Benjamin,Zamora,2031-10-13 15:24:58,2031-10-14 09:13:41,200,DELIVERED,28
346028,Oliver,Garcia,2031-10-20 19:33:56,2031-10-21 13:43:32,225,APPEALED,0
346564,Liam,Jones,2031-10-26 02:50:40,2031-10-26 08:07:35,400,DENIED,0
347201,Henry,Cooper,2031-11-05 00:28:36,2031-11-06 14:02:32,2000,DELIVERED,2048
347827,Theodore,Adams,2031-11-08 10:40:27,2031-11-09 01:58:24,200,DENIED,0
348078,Mia,Adams,2031-11-09 14:42:47,2031-11-10 03:45:43,999,DELIVERED,1444
348430,Mia,Cooper,2031-11-10 15:03:29,2031-11-12 14:12:42,999,DENIED - FIN FITNESS MEETING,0
348863,Lucas,Smith,2031-11-14 14:06:04,2031-11-16 04:08:25,350,DENIED,0
349758,Amelia,Cooper,2031-11-22 06:00:38,2031-11-22 07:47:45,999,IN-PROGRESS - APPROVAL,0
350291,James,Nguyen,2031-11-30 15:38:26,2031-12-01 12:14:56,1400,DELIVERED,2557
350448,Ava,Johnson,2031-12-09 15:57:22,2031-12-10 15:21:22,120,DENIED - FIN FITNESS MEETING,0
351435,Olivia,Nguyen,2031-12-11 16:09:40,2031-12-12 15:03:13,300,DENIED,0
352261,Emma,Jones,2031-12-11 19:10:43,2031-12-12 23:24:36,540,DELIVERED,888
352676,Oliver,Adams,2031-12-12 18:00:58,2031-12-13 04:23:50,65,APPEALED,0
353652,Sophia,Cooper,2031-12-13 09:26:41,2031-12-15 07:50:18,999,DELIVERED,382
354335,James,Miller,2031-12-17 16:10:07,2031-12-18 07:10:14,999,APPROVED,666
354453,Mia,Johnson,2031-12-27 04:48:26,2031-12-28 22:47:10,860,IN-PROGRESS - APPROVAL,0
355269,Ava,Hernandez,2031-12-29 10:01:33,2031-12-30 09:45:56,2500,APPEALED,0
356178,William,Zamora,2031-12-31 19:12:42,2032-01-02 06:52:41,120,IN-PROGRESS - APPROVAL,0
356905,William,Garcia,2032-01-02 17:41:00,2032-01-03 15:37:44,400,APPEALED,0
357582,Henry,Smith,2032-01-04 12:40:57,2032-01-06 01:05:05,100,DENIED,0
357987,Harper,Nguyen,2032-01-12 22:53:04,2032-01-14 23:44:24,475,DENIED - FIN FITNESS MEETING,0
358065,Liam,Hernandez,2032-01-18 19:43:57,2032-01-19 23:12:48,900,APPROVED,1154
358621,Theodore,Hernandez,2032-01-29 01:30:15,2032-01-30 06:46:04,2500,DELIVERED,203
358916,James,Zamora,2032-02-06 11:57:05,2032-02-07 20:26:44,150,DENIED - FIN FITNESS MEETING,0
359612,Ava,Johnson,2032-02-10 07:41:42,2032-02-11 23:59:45,999,DELIVERED,1245
360443,Emma,Zamora,2032-02-12 21:44:45,2032-02-13 07:04:43,650,DENIED - FIN FITNESS MEETING,0
360802,Sophia,Miller,2032-02-19 03:43:54,2032-02-19 18:23:37,2000,DELIVERED,3721
361122,Oliver,Nguyen,2032-02-21 05:40:23,2032-02-22 19:57:40,300,APPROVED,148
361181,Lucas,Garcia,2032-02-24 10:59:57,2032-02-25 09:23:36,1200,DELIVERED,1725
361947,Charlotte,Jones,2032-02-28 09:36:44,2032-02-29 03:58:46,1500,DELIVERED,2856
362655,James,Zamora,2032-03-08 04:41:44,2032-03-08 14:19:16,1200,IN-PROGRESS - COMMITTEE,0
363000,Ava,Zamora,2032-03-16 18:42:06,2032-03-18 10:01:06,650,APPROVED,5
363706,Ava,Zamora,2032-03-26 08:30:15,2032-03-27 08:30:26,650,APPEALED,0
364430,Liam,Brown,2032-03-26 21:29:59,2032-03-27 14:00:00,300,DELIVERED,360
365259,Theodore,Adams,2032-03-29 16:25:49,2032-03-31 13:18:43,1500,DELIVERED,1588
366228,Olivia,Smith,2032-04-03 22:51:24,2032-04-04 23:15:03,600,DENIED,0
366541,Theodore,Nguyen,2032-04-04 14:54:04,2032-04-04 21:12:36,105,DENIED - FIN FITNESS MEETING,0
366722,Mia,Nguyen,2032-04-09 05:59:48,2032-04-10 09:30:04,900,APPEALED,0
367525,Henry,Cooper,2032-04-12 15:13:34,2032-04-14 02:43:20,540,DENIED - FIN FITNESS MEETING,0
367909,Isabella,Jones,2032-04-19 09:26:25,2032-04-20 00:59:18,110,APPROVED,11
368051,Amelia,Johnson,2032-04-28 11:23:00,2032-04-29 13:32:32,110,IN-PROGRESS - APPROVAL,0
368377,Evelyn,Smith,2032-04-30 19:40:40,2032-05-02 00:03:15,150,DENIED,0
368753,Lucas,Smith,2032-05-02 10:03:29,2032-05-03 11:21:18,400,DENIED - FIN FITNESS MEETING,0
369559,Isabella,Nguyen,2032-05-09 05:27:54,2032-05-10 05:28:46,65,APPROVED,16
370297,Ava,Jones,2032-05-19 21:55:45,2032-05-20 12:48:42,860,DELIVERED,1354
370435,Isabella,Brown,2032-05-21 17:08:27,2032-05-23 11:09:00,550,IN-PROGRESS - APPROVAL,0
371216,Charlotte,Jones,2032-05-22 00:28:46,2032-05-23 00:42:53,860,DELIVERED,111
371679,Noah,Johnson,2032-05-24 05:31:11,2032-05-26 05:36:38,999,DELIVERED,1423
371882,Lucas,Miller,2032-05-26 07:12:51,2032-05-26 11:59:05,400,IN-PROGRESS - APPROVAL,0
372227,William,Nguyen,2032-06-05 16:13:31,2032-06-05 21:21:31,860,APPEALED,0
372440,Lucas,Brown,2032-06-15 16:33:26,2032-06-17 10:18:50,65,APPEALED,0
372818,Ava,Nguyen,2032-06-17 03:15:38,2032-06-17 15:09:56,300,APPROVED,269
373427,Isabella,Hernandez,2032-06-24 16:56:21,2032-06-25 12:51:16,600,DELIVERED,596
373996,Harper,Johnson,2032-06-28 05:01:52,2032-06-29 04:40:42,2500,DELIVERED,871
374636,William,Miller,2032-07-04 20:05:27,2032-07-06 15:56:33,2500,IN-PROGRESS - COMMITTEE,0
374937,Theodore,Hernandez,2032-07-07 21:49:04,2032-07-08 20:23:20,200,DENIED - FIN FITNESS MEETING,0
375478,Charlotte,Johnson,2032-07-14 15:34:59,2032-07-15 05:29:59,100,DENIED,0
375741,Mia,Hernandez,2032-07-23 08:20:14,2032-07-24 10:09:12,600,APPEALED,0
376476,Theodore,Jones,2032-07-24 07:42:51,2032-07-24 18:53:27,1500,DENIED,0
376594,Harper,Jones,2032-07-28 07:52:42,2032-07-29 22:40:34,475,APPROVED,450
376906,Theodore,Hernandez,2032-08-06 08:59:28,2032-08-06 14:17:35,105,DENIED - FIN FITNESS MEETING,0
377875,Oliver,Adams,2032-08-14 11:30:14,2032-08-15 17:08:32,790,DELIVERED,1341
378852,Harper,Cooper,2032-08-17 12:54:24,2032-08-18 16:21:34,2500,DENIED,0
379685,Oliver,Smith,2032-08-28 01:15:43,2032-08-29 20:09:59,2000,DENIED,0
380602,Liam,Hernandez,2032-09-07 02:03:21,2032-09-07 13:23:10,300,APPROVED,75
381064,Oliver,Brown,2032-09-11 11:02:32,2032-09-12 15:06:32,2000,APPROVED,917
381435,Harper,Garcia,2032-09-15 09:01:16,2032-09-15 23:16:45,200,APPEALED,0
381664,Henry,Jones,2032-09-20 07:47:53,2032-09-20 23:10:44,150,APPROVED,134
382180,Charlotte,Adams,2032-09-25 02:59:18,2032-09-26 03:23:21,450,DELIVERED,853
382847,Harper,Hernandez,2032-09-30 15:37:14,2032-10-01 00:38:07,400,DELIVERED,733
383510,Harper,Adams,2032-10-11 01:18:46,2032-10-12 19:46:18,860,DENIED,0
384058,Evelyn,Jones,2032-10-17 01:13:09,2032-10-17 05:33:35,65,DENIED - FIN FITNESS MEETING,0
384859,Emma,Williams,2032-10-18 17:58:27,2032-10-19 22:33:12,800,APPROVED,794
385758,Isabella,Johnson,2032-10-20 06:15:36,2032-10-20 11:30:38,2500,APPEALED,0
386699,Henry,Miller,2032-10-25 01:13:04,2032-10-26 22:16:49,1500,IN-PROGRESS - COMMITTEE,0
387457,Charlotte,Williams,2032-10-27 02:12:54,2032-10-28 02:47:54,860,DELIVERED,97
388351,Theodore,Johnson,2032-11-01 22:27:37,2032-11-02 20:21:50,550,APPEALED,0
389066,Amelia,Adams,2032-11-10 17:47:02,2032-11-12 16:36:57,400,APPEALED,0
390048,Benjamin,Miller,2032-11-17 03:50:43,2032-11-17 06:40:53,105,DELIVERED,147
390236,Henry,Hernandez,2032-11-25 20:53:26,2032-11-27 06:41:40,100,APPROVED,62
390969,Amelia,Zamora,2032-12-06 01:54:24,2032-12-06 03:40:31,225,DELIVERED,40
391930,William,Adams,2032-12-11 07:54:41,2032-12-12 10:03:08,650,DELIVERED,1153
392661,Lucas,Brown,2032-12-16 06:14:18,2032-12-17 19:29:51,300,APPEALED,0
392763,Elijah,Adams,2032-12-22 11:25:02,2032-12-23 09:23:39,100,IN-PROGRESS - APPROVAL,0
393445,Emma,Miller,2032-12-29 05:46:29,2032-12-31 02:17:09,2500,APPEALED,0
393903,Harper,Johnson,2033-01-07 06:36:15,2033-01-08 06:54:40,110,APPEALED,0
394484,Sophia,Cooper,2033-01-07 18:05:26,2033-01-07 19:08:24,900,APPEALED,0
394947,Sophia,Jones,2033-01-09 07:40:30,2033-01-09 15:34:52,110,DENIED - FIN FITNESS MEETING,0
395891,Lucas,Nguyen,2033-01-19 06:48:38,2033-01-20 18:58:04,540,DENIED - FIN FITNESS MEETING,0
396156,Harper,Brown,2033-01-29 16:31:09,2033-01-29 23:44:25,300,IN-PROGRESS - APPROVAL,0
396983,Ava,Garcia,2033-02-02 12:46:31,2033-02-04 06:29:50,105,DENIED,0
397411,Liam,Nguyen,2033-02-03 13:02:03,2033-02-05 13:21:50,650,IN-PROGRESS - APPROVAL,0
397973,Noah,Garcia,2033-02-14 01:34:21,2033-02-15 08:34:32,450,DENIED,0
398192,Noah,Zamora,2033-02-14 10:57:07,2033-02-14 16:37:02,400,IN-PROGRESS - APPROVAL,0
398974,Emma,Adams,2033-02-19 12:38:26,2033-02-19 23:29:07,225,DELIVERED,80
399905,Oliver,Nguyen,2033-02-26 23:06:11,2033-02-28 17:15:11,1500,APPEALED,0
400789,Mia,Hernandez,2033-02-28 15:12:57,2033-02-28 19:49:00,2500,DENIED,0
401448,Noah,Cooper,2033-03-09 11:53:51,2033-03-09 15:54:44,450,APPROVED,288
401530,Noah,Johnson,2033-03-13 11:25:07,2033-03-13 23:00:38,1500,APPROVED,1869
401624,Charlotte,Miller,2033-03-22 05:14:30,2033-03-24 01:24:33,350,APPROVED,50
401822,Evelyn,Nguyen,2033-03-29 20:43:30,2033-03-30 16:18:17,200,DENIED - FIN FITNESS MEETING,0
401855,Amelia,Johnson,2033-04-01 06:41:52,2033-04-02 17:06:18,540,DENIED - FIN FITNESS MEETING,0
402424,Benjamin,Nguyen,2033-04-03 22:47:49,2033-04-05 10:23:14,650,DENIED,0
402780,Noah,Adams,2033-04-12 23:43:25,2033-04-13 19:13:28,650,IN-PROGRESS - APPROVAL,0
403436,Olivia,Garcia,2033-04-19 01:23:19,2033-04-21 00:57:40,650,APPEALED,0
403446,Ava,Cooper,2033-04-23 01:41:22,2033-04-23 03:01:31,800,APPEALED,0
404018,Liam,Zamora,2033-04-27 12:33:22,2033-04-28 08:03:55,550,DENIED - FIN FITNESS MEETING,0
404485,Sophia,Brown,2033-04-28 08:58:10,2033-04-29 13:18:32,790,APPEALED,0
405318,Lucas,Nguyen,2033-05-06 11:49:42,2033-05-07 20:20:31,999,DENIED - FIN FITNESS MEETING,0
406181,Mia,Adams,2033-05-07 19:17:20,2033-05-07 19:39:19,400,DELIVERED,419
406283,Sophia,Cooper,2033-05-09 11:20:02,2033-05-10 08:28:29,150,IN-PROGRESS - APPROVAL,0
406533,Lucas,Nguyen,2033-05-09 15:04:50,2033-05-11 12:47:38,2500,IN-PROGRESS - COMMITTEE,0
406679,Amelia,Miller,2033-05-17 22:12:18,2033-05-18 13:54:58,225,DENIED,0
407467,Henry,Zamora,2033-05-20 00:30:20,2033-05-20 22:07:32,225,IN-PROGRESS - APPROVAL,0
408315,Henry,Brown,2033-05-31 00:01:03,2033-05-31 03:58:50,550,IN-PROGRESS - APPROVAL,0
408855,Noah,Smith,2033-06-06 22:42:16,2033-06-08 00:48:58,65,DELIVERED,124
408978,William,Smith,2033-06-10 20:56:29,2033-06-11 15:02:45,150,DELIVERED,5
409551,Sophia,Cooper,2033-06-19 11:17:59,2033-06-21 04:10:55,110,DELIVERED,148
409983,William,Miller,2033-06-28 12:19:19,2033-06-29 15:12:19,150,DENIED,0
410418,Sophia,Adams,2033-07-08 06:40:52,2033-07-09 13:37:04,65,DENIED - FIN FITNESS MEETING,0
411182,Charlotte,Adams,2033-07-18 14:24:54,2033-07-20 13:34:08,540,IN-PROGRESS - APPROVAL,0
411570,Amelia,Cooper,2033-07-23 17:27:07,2033-07-24 17:02:40,2500,IN-PROGRESS - COMMITTEE,0
411670,Benjamin,Jones,2033-07-29 17:55:28,2033-07-30 19:03:02,400,APPROVED,712
412209,Henry,Adams,2033-08-09 13:38:51,2033-08-10 06:35:56,550,APPEALED,0
412321,Elijah,Miller,2033-08-17 15:47:55,2033-08-19 09:42:05,225,DENIED,0
412420,Amelia,Adams,2033-08-21 19:39:22,2033-08-22 18:11:54,600,DENIED,0
412742,Benjamin,Nguyen,2033-09-01 02:20:53,2033-09-03 02:05:35,120,APPEALED,0
413393,Benjamin,Cooper,2033-09-08 21:54:16,2033-09-10 12:32:53,790,DENIED - FIN FITNESS MEETING,0
414063,Benjamin,Brown,2033-09-14 15:33:00,2033-09-15 17:15:52,600,IN-PROGRESS - APPROVAL,0
414229,Lucas,Zamora,2033-09-19 16:42:14,2033-09-20 16:04:43,600,DELIVERED,12
414344,James,Nguyen,2033-09-30 12:47:47,2033-09-30 15:09:56,2000,DELIVERED,398
414944,Mia,Jones,2033-09-30 23:05:44,2033-10-02 02:34:15,650,APPEALED,0
415692,Olivia,Brown,2033-10-08 15:04:52,2033-10-09 21:43:36,650,DENIED - FIN FITNESS MEETING,0
416561,Henry,Jones,2033-10-18 07:27:10,2033-10-19 20:55:09,600,DELIVERED,230
417519,Evelyn,Garcia,2033-10-27 10:04:36,2033-10-27 23:46:44,475,DENIED - FIN FITNESS MEETING,0
417816,Charlotte,Williams,2033-11-03 13:22:07,2033-11-04 17:41:29,1200,APPEALED,0
418640,Lucas,Hernandez,2033-11-09 16:46:33,2033-11-10 14:21:04,550,DENIED - FIN FITNESS MEETING,0
418928,Olivia,Nguyen,2033-11-19 21:02:59,2033-11-20 02:35:25,450,IN-PROGRESS - APPROVAL,0
419480,Oliver,Nguyen,2033-11-26 02:25:05,2033-11-26 03:27:12,540,APPROVED,600
420124,Noah,Cooper,2033-12-01 15:59:14,2033-12-01 17:00:05,860,DENIED - FIN FITNESS MEETING,0
420466,Mia,Zamora,2033-12-04 04:17:48,2033-12-04 20:39:56,600,APPROVED,192
420911,Charlotte,Brown,2033-12-09 21:21:05,2033-12-11 07:51:09,900,APPROVED,1512
421256,Emma,Garcia,2033-12-13 02:47:59,2033-12-13 08:24:34,790,APPEALED,0
421265,Sophia,Garcia,2033-12-22 01:20:11,2033-12-22 05:02:26,650,DENIED - FIN FITNESS MEETING,0
421382,James,Garcia,2033-12-27 07:18:12,2033-12-28 05:47:59,790,APPEALED,0
422228,Oliver,Nguyen,2034-01-05 19:42:07,2034-01-06 18:22:29,100,IN-PROGRESS - APPROVAL,0
423148,Benjamin,Johnson,2034-01-14 03:54:17,2034-01-14 09:38:16,2500,IN-PROGRESS - COMMITTEE,0
423857,Evelyn,Johnson,2034-01-19 15:39:36,2034-01-20 13:09:04,790,DENIED - FIN FITNESS MEETING,0
423889,Liam,Nguyen,2034-01-22 00:03:12,2034-01-22 12:37:25,600,DELIVERED,897
424788,Benjamin,Garcia,2034-01-28 06:20:47,2034-01-30 04:15:51,110,IN-PROGRESS - APPROVAL,0
425775,Harper,Cooper,2034-01-29 21:17:53,2034-01-30 05:12:02,350,APPROVED,256
426070,William,Williams,2034-02-04 21:39:53,2034-02-05 07:42:35,50,DENIED - FIN FITNESS MEETING,0
426906,Sophia,Brown,2034-02-15 06:17:51,2034-02-16 09:06:37,550,APPEALED,0
427193,Lucas,Williams,2034-02-21 16:22:12,2034-02-23 06:08:50,105,DENIED - FIN FITNESS MEETING,0
427372,Charlotte,Smith,2034-02-26 04:02:48,2034-02-27 02:57:16,790,DENIED,0
427513,Ava,Cooper,2034-03-03 07:00:02,2034-03-04 20:08:00,475,IN-PROGRESS - APPROVAL,0
427666,Evelyn,Hernandez,2034-03-12 07:50:01,2034-03-12 21:11:43,1400,DELIVERED,2193
427867,Mia,Adams,2034-03-19 23:24:46,2034-03-20 23:47:53,800,APPEALED,0
428753,Lucas,Zamora,2034-03-23 01:26:24,2034-03-24 03:56:26,110,DELIVERED,97
428777,Noah,Cooper,2034-03-26 11:41:43,2034-03-26 17:56:43,400,DENIED - FIN FITNESS MEETING,0
428862,Henry,Smith,2034-03-31 21:26:34,2034-03-31 22:05:48,50,DELIVERED,24
429528,Henry,Jones,2034-04-08 21:53:25,2034-04-09 00:36:03,1500,DELIVERED,2426
430283,Noah,Williams,2034-04-13 04:01:08,2034-04-14 22:22:29,800,DENIED - FIN FITNESS MEETING,0
431137,Theodore,Brown,2034-04-19 19:16:57,2034-04-21 09:56:13,120,DELIVERED,5
432047,Evelyn,Smith,2034-04-28 02:49:16,2034-04-29 13:09:23,200,DENIED - FIN FITNESS MEETING,0
432917,Liam,Cooper,2034-04-30 17:47:18,2034-05-02 15:01:54,300,IN-PROGRESS - APPROVAL,0
433660,Henry,Miller,2034-05-08 11:14:56,2034-05-09 11:28:24,450,DELIVERED,27
434420,James,Jones,2034-05-15 23:40:45,2034-05-16 22:05:59,105,DENIED - FIN FITNESS MEETING,0
435337,Mia,Hernandez,2034-05-18 04:42:05,2034-05-19 06:16:59,400,DENIED,0
436092,Mia,Cooper,2034-05-27 12:14:03,2034-05-28 08:48:32,1400,APPROVED,2743
436722,Charlotte,Cooper,2034-05-27 23:15:14,2034-05-28 21:55:14,450,APPROVED,318
437635,Olivia,Nguyen,2034-06-01 22:24:37,2034-06-03 06:30:59,1200,IN-PROGRESS - COMMITTEE,0
437926,Charlotte,Adams,2034-06-08 00:15:19,2034-06-09 16:40:38,800,DENIED,0
438004,Ava,Zamora,2034-06-18 19:44:52,2034-06-20 17:12:10,225,DENIED - FIN FITNESS MEETING,0
438263,Emma,Adams,2034-06-25 04:54:49,2034-06-25 15:42:19,900,IN-PROGRESS - APPROVAL,0
438326,Noah,Brown,2034-06-25 15:04:34,2034-06-26 12:18:47,650,DENIED - FIN FITNESS MEETING,0
438431,James,Garcia,2034-07-02 10:23:56,2034-07-03 19:00:21,550,IN-PROGRESS - APPROVAL,0
438657,William,Miller,2034-07-06 15:08:35,2034-07-07 01:39:37,550,DENIED - FIN FITNESS MEETING,0
439575,Emma,Jones,2034-07-10 12:43:44,2034-07-11 13:15:51,2400,APPEALED,0
440258,Isabella,Jones,2034-07-14 00:37:58,2034-07-14 02:47:22,120,DENIED,0
440636,Noah,Nguyen,2034-07-22 04:31:20,2034-07-23 19:50:25,100,DENIED,0
441448,Oliver,Johnson,2034-07-22 23:41:46,2034-07-23 09:17:43,450,IN-PROGRESS - APPROVAL,0
441473,Isabella,Jones,2034-07-25 22:04:59,2034-07-26 19:23:59,350,APPEALED,0
442004,James,Zamora,2034-07-31 12:15:38,2034-08-01 16:32:35,50,APPEALED,0
442662,Ava,Brown,2034-08-05 16:37:33,2034-08-06 03:22:42,450,IN-PROGRESS - APPROVAL,0
443040,Sophia,Garcia,2034-08-13 09:56:20,2034-08-13 17:44:57,800,DENIED - FIN FITNESS MEETING,0
443760,Oliver,Nguyen,2034-08-16 23:20:20,2034-08-17 06:55:12,2500,DENIED,0
444142,Charlotte,Smith,2034-08-24 14:16:58,2034-08-25 18:04:31,550,DENIED - FIN FITNESS MEETING,0
444739,Theodore,Adams,2034-08-31 00:17:38,2034-09-01 00:39:04,2500,DENIED,0
444993,Elijah,Jones,2034-09-08 02:27:22,2034-09-09 05:23:27,2000,DENIED,0
445024,Olivia,Garcia,2034-09-09 02:27:26,2034-09-10 03:24:06,1400,DENIED,0
445559,Olivia,Johnson,2034-09-14 02:54:53,2034-09-14 13:00:49,790,APPEALED,0
445771,Henry,Brown,2034-09-23 13:09:53,2034-09-25 08:19:32,2400,IN-PROGRESS - COMMITTEE,0
446573,Isabella,Hernandez,2034-09-26 07:25:13,2034-09-27 20:34:19,350,DELIVERED,494
447367,Harper,Johnson,2034-09-28 19:03:24,2034-09-29 01:08:49,2000,IN-PROGRESS - COMMITTEE,0
448250,Theodore,Cooper,2034-10-02 10:59:47,2034-10-04 07:02:50,650,APPROVED,1041
449232,Emma,Cooper,2034-10-03 14:34:16,2034-10-05 09:08:10,450,DENIED,0
449332,Theodore,Johnson,2034-10-04 04:47:19,2034-10-05 19:24:25,110,APPROVED,160
450215,Mia,Jones,2034-10-04 12:44:38,2034-10-05 01:11:45,105,DELIVERED,2
450331,Emma,Adams,2034-10-10 06:12:31,2034-10-10 06:56:44,550,DENIED,0
451013,Theodore,Garcia,2034-10-13 00:42:46,2034-10-13 23:57:48,400,IN-PROGRESS - APPROVAL,0
451436,Theodore,Cooper,2034-10-23 12:22:04,2034-10-24 06:59:23,2000,DELIVERED,3928
452014,Theodore,Smith,2034-10-27 12:22:30,2034-10-28 12:33:54,110,IN-PROGRESS - APPROVAL,0
452405,Harper,Zamora,2034-10-29 07:47:43,2034-10-30 04:00:06,2400,IN-PROGRESS - COMMITTEE,0
453169,Olivia,Cooper,2034-11-03 06:26:59,2034-11-03 18:50:49,120,APPROVED,127
453599,Mia,Smith,2034-11-04 18:51:29,2034-11-06 11:46:53,2000,IN-PROGRESS - COMMITTEE,0
453996,Noah,Miller,2034-11-12 06:27:37,2034-11-14 06:53:57,550,DENIED - FIN FITNESS MEETING,0
454883,James,Brown,2034-11-18 21:56:36,2034-11-19 04:09:44,550,APPROVED,436
455781,Olivia,Miller,2034-11-23 18:10:56,2034-11-23 21:35:42,999,APPROVED,1517
456133,Isabella,Cooper,2034-11-23 22:46:30,2034-11-25 10:38:31,900,DENIED - FIN FITNESS MEETING,0
456931,Lucas,Williams,2034-11-29 06:46:27,2034-11-29 21:02:53,200,DENIED - FIN FITNESS MEETING,0
457165,Theodore,Nguyen,2034-12-04 06:09:52,2034-12-04 12:53:17,999,DELIVERED,1842
457812,Harper,Zamora,2034-12-09 21:39:11,2034-12-11 04:47:38,300,DELIVERED,212
458804,Noah,Jones,2034-12-14 19:07:56,2034-12-15 05:03:46,105,APPROVED,84
459459,Charlotte,Hernandez,2034-12-16 07:31:26,2034-12-16 21:36:48,475,IN-PROGRESS - APPROVAL,0
459664,William,Johnson,2034-12-26 08:01:10,2034-12-27 18:12:28,110,DELIVERED,48
459873,William,Williams,2035-01-01 11:01:14,2035-01-03 08:10:43,110,DELIVERED,134
460369,Ava,Cooper,2035-01-07 03:01:25,2035-01-08 09:34:25,100,IN-PROGRESS - APPROVAL,0
461133,Lucas,Cooper,2035-01-10 18:34:46,2035-01-12 01:30:51,600,DENIED,0
461252,Lucas,Miller,2035-01-12 13:09:52,2035-01-13 18:03:34,105,DENIED - FIN FITNESS MEETING,0
461598,Emma,Hernandez,2035-01-13 14:53:43,2035-01-13 21:00:56,790,IN-PROGRESS - APPROVAL,0
461840,Amelia,Johnson,2035-01-19 20:42:50,2035-01-20 12:58:35,475,DENIED - FIN FITNESS MEETING,0
462132,Emma,Brown,2035-01-29 14:31:46,2035-01-31 06:24:09,150,APPEALED,0
462786,Theodore,Brown,2035-02-07 15:07:18,2035-02-09 05:02:18,2400,APPEALED,0
463374,Liam,Zamora,2035-02-13 14:08:23,2035-02-15 03:09:57,790,APPEALED,0
463896,Benjamin,Brown,2035-02-18 11:18:21,2035-02-19 08:43:19,1200,DENIED,0
464247,Elijah,Hernandez,2035-02-28 00:08:34,2035-02-28 21:21:54,475,DENIED - FIN FITNESS MEETING,0
465080,Emma,Brown,2035-03-10 02:14:57,2035-03-11 23:38:43,790,IN-PROGRESS - APPROVAL,0
465936,Evelyn,Williams,2035-03-10 20:38:23,2035-03-12 10:18:55,550,IN-PROGRESS - APPROVAL,0
466595,Isabella,Zamora,2035-03-15 06:47:47,2035-03-17 04:15:21,400,DELIVERED,496
466735,Sophia,Nguyen,2035-03-16 10:06:36,2035-03-16 19:38:45,800,DENIED,0
467205,Evelyn,Johnson,2035-03-20 16:50:09,2035-03-22 15:00:06,50,DENIED - FIN FITNESS MEETING,0
467441,Charlotte,Miller,2035-03-22 04:07:37,2035-03-23 01:47:33,2400,APPROVED,2371
467611,Henry,Garcia,2035-03-24 11:09:07,2035-03-25 22:33:02,2500,APPEALED,0
468417,Evelyn,Williams,2035-03-25 02:50:42,2035-03-26 15:53:08,50,IN-PROGRESS - APPROVAL,0
468713,Lucas,Adams,2035-03-31 18:13:20,2035-04-02 13:15:01,110,DELIVERED,200
469321,Oliver,Jones,2035-04-10 06:19:23,2035-04-11 17:45:48,350,DELIVERED,526
469754,Theodore,Jones,2035-04-19 01:18:28,2035-04-19 18:32:52,2500,IN-PROGRESS - COMMITTEE,0
469781,Elijah,Cooper,2035-04-26 01:32:48,2035-04-26 06:16:10,475,IN-PROGRESS - APPROVAL,0
470605,William,Miller,2035-04-27 07:33:12,2035-04-28 17:43:40,120,APPROVED,5
471052,Liam,Jones,2035-05-07 06:11:00,2035-05-07 07:07:46,300,DENIED,0
471431,Theodore,Smith,2035-05-15 00:45:40,2035-05-16 15:13:11,600,DENIED - FIN FITNESS MEETING,0
471954,Harper,Jones,2035-05-25 11:04:18,2035-05-27 11:28:36,800,DELIVERED,80
472565,Lucas,Garcia,2035-06-02 18:12:10,2035-06-04 03:50:59,450,APPEALED,0
473061,Oliver,Cooper,2035-06-06 19:10:39,2035-06-07 19:25:18,110,APPROVED,171
473073,Theodore,Williams,2035-06-17 03:08:48,2035-06-18 13:51:57,400,APPEALED,0
473888,Isabella,Garcia,2035-06-25 02:52:19,2035-06-26 10:24:41,2000,IN-PROGRESS - COMMITTEE,0
474257,Isabella,Johnson,2035-07-02 20:45:22,2035-07-03 07:19:54,350,DELIVERED,54
474576,Ava,Miller,2035-07-13 15:08:48,2035-07-14 18:17:00,1500,APPEALED,0
474962,Charlotte,Hernandez,2035-07-20 19:09:04,2035-07-21 04:07:23,65,IN-PROGRESS - APPROVAL,0
475321,Liam,Garcia,2035-07-25 00:16:09,2035-07-25 21:58:11,550,DENIED - FIN FITNESS MEETING,0
476192,William,Miller,2035-07-25 17:41:50,2035-07-27 17:24:48,540,DELIVERED,244
476919,Evelyn,Hernandez,2035-07-26 23:02:55,2035-07-28 01:55:52,2500,IN-PROGRESS - COMMITTEE,0
477520,Amelia,Miller,2035-08-06 10:07:19,2035-08-08 06:00:04,540,DENIED - FIN FITNESS MEETING,0
478084,Harper,Williams,2035-08-08 02:17:24,2035-08-09 17:55:28,860,DENIED - FIN FITNESS MEETING,0
478630,Olivia,Nguyen,2035-08-18 22:47:24,2035-08-19 00:23:42,50,DELIVERED,58
478803,Lucas,Williams,2035-08-24 15:54:24,2035-08-25 11:12:47,550,APPROVED,21
479762,Ava,Miller,2035-09-01 16:43:11,2035-09-02 15:00:09,900,APPROVED,849
480209,Lucas,Miller,2035-09-06 22:02:44,2035-09-07 00:14:23,2400,APPEALED,0
480440,Emma,Adams,2035-09-17 05:03:33,2035-09-18 22:03:46,225,APPROVED,11
480976,Ava,Brown,2035-09-17 09:25:38,2035-09-17 14:26:39,790,APPROVED,1020
481022,Theodore,Hernandez,2035-09-21 13:42:24,2035-09-23 06:42:46,200,APPEALED,0
481825,Harper,Brown,2035-09-25 03:26:28,2035-09-25 23:09:17,300,DELIVERED,176
482096,Ava,Adams,2035-09-29 18:40:23,2035-10-01 07:16:31,150,APPROVED,5
482754,James,Smith,2035-10-04 18:55:05,2035-10-06 10:25:28,550,IN-PROGRESS - APPROVAL,0
483105,Oliver,Johnson,2035-10-06 08:26:48,2035-10-07 03:28:02,300,DENIED - FIN FITNESS MEETING,0
483276,Benjamin,Smith,2035-10-09 19:29:06,2035-10-11 20:08:28,225,DELIVERED,107
484105,Theodore,Johnson,2035-10-17 20:58:16,2035-10-19 18:44:25,150,APPEALED,0
484412,Oliver,Johnson,2035-10-21 11:15:16,2035-10-21 17:36:40,540,DELIVERED,1035
484521,Benjamin,Cooper,2035-10-30 10:52:12,2035-10-30 21:36:58,550,DENIED - FIN FITNESS MEETING,0
485511,Theodore,Adams,2035-11-07 01:57:53,2035-11-08 19:48:32,350,DENIED - FIN FITNESS MEETING,0
486047,James,Garcia,2035-11-11 06:36:46,2035-11-11 22:43:38,650,APPROVED,406
486481,Sophia,Brown,2035-11-18 19:49:38,2035-11-19 20:25:41,1500,DENIED,0
486744,Mia,Johnson,2035-11-23 14:19:43,2035-11-25 09:20:18,800,IN-PROGRESS - APPROVAL,0
486901,Noah,Miller,2035-11-30 10:49:20,2035-12-01 14:18:28,400,APPROVED,292
487809,Isabella,Garcia,2035-12-04 19:45:17,2035-12-05 14:29:15,800,DENIED - FIN FITNESS MEETING,0
488768,Oliver,Garcia,2035-12-06 11:16:59,2035-12-06 13:40:23,110,DENIED,0
489134,Olivia,Smith,2035-12-09 06:03:42,2035-12-10 13:27:06,999,DELIVERED,575
489895,James,Hernandez,2035-12-10 04:21:41,2035-12-11 13:43:40,65,APPEALED,0
490230,Charlotte,Garcia,2035-12-10 14:10:44,2035-12-10 14:24:42,1400,APPEALED,0
490724,Evelyn,Williams,2035-12-17 01:04:28,2035-12-17 16:23:40,999,APPEALED,0
491410,Noah,Nguyen,2035-12-21 05:53:46,2035-12-22 14:25:08,225,APPROVED,222
491711,Evelyn,Brown,2035-12-31 17:51:15,2035-12-31 19:22:18,300,IN-PROGRESS - APPROVAL,0
492026,Olivia,Brown,2036-01-03 00:52:04,2036-01-04 08:15:45,2000,DENIED,0
492164,Ava,Garcia,2036-01-03 12:30:57,2036-01-04 02:05:10,475,DELIVERED,556
492368,Evelyn,Johnson,2036-01-04 02:31:11,2036-01-04 20:51:40,800,APPEALED,0
492700,Amelia,Garcia,2036-01-12 19:32:04,2036-01-14 16:42:37,225,IN-PROGRESS - APPROVAL,0
492999,Lucas,Brown,2036-01-20 09:22:39,2036-01-22 05:28:38,600,DELIVERED,1105
493678,Mia,Hernandez,2036-01-30 04:44:38,2036-01-31 21:47:40,120,DENIED - FIN FITNESS MEETING,0
494016,Isabella,Cooper,2036-02-09 20:31:07,2036-02-10 16:55:07,1500,DELIVERED,2866
494109,Theodore,Nguyen,2036-02-15 12:43:40,2036-02-16 01:34:57,120,IN-PROGRESS - APPROVAL,0
494453,Noah,Smith,2036-02-26 07:46:29,2036-02-27 07:46:37,120,APPEALED,0
495453,Benjamin,Nguyen,2036-03-06 00:06:11,2036-03-07 12:31:26,1400,DELIVERED,2341
495671,Benjamin,Cooper,2036-03-14 00:26:41,2036-03-15 09:10:32,105,APPEALED,0
496476,Charlotte,Miller,2036-03-25 00:39:06,2036-03-26 16:22:16,999,APPEALED,0
497016,Olivia,Hernandez,2036-03-28 08:26:02,2036-03-28 12:52:07,50,DENIED,0
497341,Ava,Johnson,2036-04-02 08:32:57,2036-04-03 11:04:36,100,APPROVED,97
497916,Sophia,Garcia,2036-04-03 02:05:55,2036-04-04 02:42:04,105,APPROVED,102
497979,Emma,Williams,2036-04-13 03:31:29,2036-04-13 14:38:33,800,APPEALED,0
498959,Liam,Brown,2036-04-16 03:43:45,2036-04-16 13:55:57,650,DENIED - FIN FITNESS MEETING,0
499880,Olivia,Smith,2036-04-24 22:52:29,2036-04-26 21:25:27,1500,APPROVED,1862
500791,Benjamin,Nguyen,2036-04-28 03:55:16,2036-04-30 04:02:35,540,DENIED,0
500997,Noah,Cooper,2036-05-01 03:41:05,2036-05-01 07:38:47,2500,DELIVERED,503
501561,Isabella,Miller,2036-05-10 20:18:50,2036-05-12 02:19:33,300,DENIED - FIN FITNESS MEETING,0
501695,Isabella,Williams,2036-05-20 14:45:15,2036-05-21 02:14:12,105,APPEALED,0
502593,Charlotte,Smith,2036-05-23 15:41:23,2036-05-23 20:20:03,790,APPROVED,214
503322,Evelyn,Garcia,2036-05-31 13:08:32,2036-05-31 22:43:59,860,DENIED - FIN FITNESS MEETING,0
504109,Evelyn,Cooper,2036-06-04 11:26:54,2036-06-05 07:13:49,999,DENIED - FIN FITNESS MEETING,0
504131,Liam,Nguyen,2036-06-10 00:43:43,2036-06-10 07:44:25,540,DENIED,0
504605,Harper,Nguyen,2036-06-15 19:19:08,2036-06-17 09:51:53,105,APPEALED,0
504695,Mia,Johnson,2036-06-16 20:24:04,2036-06-18 19:52:12,790,APPEALED,0
504774,Theodore,Zamora,2036-06-21 20:44:09,2036-06-23 14:33:17,110,IN-PROGRESS - APPROVAL,0
504846,Sophia,Williams,2036-06-27 14:15:15,2036-06-29 06:48:21,300,DELIVERED,428
505197,James,Smith,2036-06-28 11:02:44,2036-06-28 13:09:04,450,DENIED - FIN FITNESS MEETING,0
505532,Olivia,Brown,2036-07-03 11:12:59,2036-07-04 12:43:59,65,IN-PROGRESS - APPROVAL,0
505552,Emma,Nguyen,2036-07-08 00:20:02,2036-07-08 23:19:41,150,APPEALED,0
506059,Ava,Cooper,2036-07-15 22:14:10,2036-07-17 11:30:54,650,IN-PROGRESS - APPROVAL,0
506924,Lucas,Cooper,2036-07-23 13:53:41,2036-07-24 10:26:43,1200,DENIED,0
507376,Mia,Smith,2036-07-24 19:09:29,2036-07-25 22:20:48,540,DENIED - FIN FITNESS MEETING,0
507970,James,Hernandez,2036-07-31 22:54:30,2036-08-01 01:55:37,790,APPROVED,83
508122,Benjamin,Brown,2036-08-08 19:12:07,2036-08-09 19:13:46,999,APPROVED,1803
509044,James,Nguyen,2036-08-17 15:30:53,2036-08-18 13:03:23,900,APPROVED,1195
509216,Amelia,Jones,2036-08-23 05:20:32,2036-08-23 07:42:38,2000,DENIED,0
509813,Harper,Garcia,2036-08-25 03:56:06,2036-08-26 12:11:25,2000,DENIED,0
510178,Benjamin,Zamora,2036-09-02 22:08:40,2036-09-04 11:59:48,550,APPROVED,643
510608,James,Adams,2036-09-13 20:13:55,2036-09-14 23:11:45,105,DELIVERED,32
511492,Sophia,Cooper,2036-09-19 16:23:29,2036-09-21 14:17:10,110,IN-PROGRESS - APPROVAL,0
512239,James,Brown,2036-09-30 06:48:03,2036-10-01 06:50:55,999,APPROVED,927
512715,Ava,Nguyen,2036-10-07 15:28:25,2036-10-08 23:09:02,1400,DENIED,0
513697,James,Williams,2036-10-10 23:31:24,2036-10-11 05:22:45,475,APPROVED,536
514008,Olivia,Hernandez,2036-10-19 00:07:01,2036-10-19 12:46:49,120,APPROVED,10
514860,Lucas,Johnson,2036-10-24 13:38:11,2036-10-25 10:15:39,2000,APPEALED,0
515325,James,Williams,2036-10-25 00:42:16,2036-10-26 18:44:49,200,APPROVED,398
516023,Theodore,Brown,2036-10-29 00:39:39,2036-10-29 06:35:27,120,APPROVED,212
516960,James,Jones,2036-11-01 09:35:04,2036-11-03 03:37:06,225,DENIED,0
517128,Benjamin,Zamora,2036-11-11 12:19:45,2036-11-11 21:25:32,999,IN-PROGRESS - APPROVAL,0
517954,James,Williams,2036-11-15 02:09:31,2036-11-17 01:08:16,650,APPEALED,0
518039,James,Williams,2036-11-23 11:34:13,2036-11-24 11:49:22,225,DENIED,0
518046,James,Smith,2036-11-29 14:36:13,2036-11-29 21:36:16,790,APPEALED,0
518469,Henry,Miller,2036-12-08 23:24:55,2036-12-10 14:03:14,120,APPROVED,179
519259,Charlotte,Hernandez,2036-12-09 19:54:24,2036-12-11 11:26:58,2000,IN-PROGRESS - COMMITTEE,0
519985,Henry,Nguyen,2036-12-10 19:57:30,2036-12-11 08:53:42,1500,IN-PROGRESS - COMMITTEE,0
520820,Oliver,Adams,2036-12-11 06:02:10,2036-12-12 04:08:25,2500,APPEALED,0
521339,Mia,Williams,2036-12-14 08:41:12,2036-12-15 08:15:42,2500,APPEALED,0
522316,Amelia,Garcia,2036-12-17 22:11:43,2036-12-18 03:36:19,1500,DELIVERED,2245
523016,Isabella,Miller,2036-12-24 13:58:33,2036-12-25 10:28:43,600,DENIED,0
523032,Noah,Hernandez,2036-12-28 21:40:43,2036-12-29 12:44:42,450,DELIVERED,877
523624,Mia,Brown,2036-12-29 22:22:10,2036-12-30 03:26:06,600,APPROVED,961
524545,Evelyn,Nguyen,2037-01-04 08:49:55,2037-01-05 09:25:57,300,DELIVERED,472
524909,Benjamin,Brown,2037-01-13 18:17:39,2037-01-15 10:51:36,350,APPROVED,541
524989,Benjamin,Hernandez,2037-01-17 04:21:26,2037-01-17 04:23:17,300,IN-PROGRESS - APPROVAL,0
525014,Harper,Zamora,2037-01-21 11:52:05,2037-01-22 08:02:24,200,DENIED - FIN FITNESS MEETING,0
525393,Theodore,Jones,2037-01-31 21:51:55,2037-02-01 02:23:33,475,APPROVED,588
525475,Benjamin,Brown,2037-02-05 09:58:20,2037-02-05 16:07:20,105,DENIED,0
526438,Henry,Williams,2037-02-15 20:38:25,2037-02-16 04:12:57,150,DENIED - FIN FITNESS MEETING,0
527322,Emma,Johnson,2037-02-16 17:52:15,2037-02-17 13:28:16,200,DENIED - FIN FITNESS MEETING,0
528236,William,Johnson,2037-02-17 06:14:28,2037-02-18 07:14:17,1400,DENIED,0
528749,Lucas,Nguyen,2037-02-18 19:36:30,2037-02-19 18:18:23,1400,APPROVED,1100
529010,James,Adams,2037-02-23 20:16:25,2037-02-24 10:58:19,450,APPROVED,342
529319,Ava,Brown,2037-02-27 02:05:21,2037-02-27 03:54:09,790,IN-PROGRESS - APPROVAL,0
530067,Noah,Adams,2037-03-03 16:07:40,2037-03-05 13:20:40,1200,IN-PROGRESS - COMMITTEE,0
530430,Lucas,Jones,2037-03-08 08:05:06,2037-03-08 13:43:20,100,APPEALED,0
530956,Mia,Zamora,2037-03-11 09:25:16,2037-03-13 08:03:07,65,APPEALED,0
531843,Olivia,Zamora,2037-03-11 19:50:01,2037-03-13 16:41:47,150,DENIED,0
532096,Henry,Smith,2037-03-12 16:14:06,2037-03-12 22:32:13,120,DENIED,0
532254,Oliver,Williams,2037-03-23 01:28:38,2037-03-24 12:54:50,550,APPEALED,0
533001,Henry,Williams,2037-03-29 03:11:15,2037-03-30 00:20:28,1500,APPEALED,0
533598,Emma,Williams,2037-04-04 19:13:53,2037-04-06 11:31:21,790,IN-PROGRESS - APPROVAL,0
534113,Harper,Brown,2037-04-15 03:40:38,2037-04-15 06:15:28,50,APPROVED,87
534681,Henry,Hernandez,2037-04-15 05:35:43,2037-04-15 22:49:18,50,APPEALED,0
535092,Amelia,Zamora,2037-04-19 00:54:44,2037-04-20 07:23:29,999,APPEALED,0
535689,Ava,Smith,2037-04-25 08:42:34,2037-04-27 09:05:00,350,DENIED - FIN FITNESS MEETING,0
536102,Harper,Miller,2037-05-04 01:31:43,2037-05-04 18:25:58,105,APPROVED,124
536923,Lucas,Miller,2037-05-13 04:50:44,2037-05-15 00:40:55,450,DENIED,0
537210,Oliver,Johnson,2037-05-23 04:37:20,2037-05-25 05:15:55,120,DELIVERED,128
537845,Mia,Nguyen,2037-05-26 01:25:39,2037-05-26 18:19:47,1400,APPEALED,0
538704,Oliver,Johnson,2037-05-30 04:21:10,2037-05-30 12:45:52,860,DELIVERED,144
539635,Charlotte,Nguyen,2037-06-03 22:45:19,2037-06-05 11:07:46,1400,IN-PROGRESS - COMMITTEE,0
539831,Lucas,Jones,2037-06-10 22:20:09,2037-06-12 22:37:52,2400,DENIED,0
540422,Evelyn,Garcia,2037-06-15 12:06:14,2037-06-15 16:06:57,225,IN-PROGRESS - APPROVAL,0
541173,Ava,Nguyen,2037-06-23 09:24:31,2037-06-24 20:01:31,475,IN-PROGRESS - APPROVAL,0
541558,Theodore,Miller,2037-06-29 10:12:36,2037-07-01 05:17:03,900,DENIED,0
542002,Charlotte,Adams,2037-07-02 11:38:24,2037-07-02 11:42:10,1200,DENIED,0
542688,Lucas,Miller,2037-07-11 12:02:09,2037-07-13 08:44:23,65,IN-PROGRESS - APPROVAL,0
543680,Liam,Cooper,2037-07-21 07:14:33,2037-07-22 19:54:51,1200,DELIVERED,1452
544481,Oliver,Miller,2037-07-31 21:07:55,2037-08-01 12:59:29,540,APPEALED,0
544706,Ava,Brown,2037-08-03 04:39:57,2037-08-03 06:38:16,2400,IN-PROGRESS - COMMITTEE,0
544968,Henry,Brown,2037-08-05 10:04:13,2037-08-05 13:34:39,900,APPROVED,1720
545026,Elijah,Garcia,2037-08-06 13:52:04,2037-08-07 22:35:30,550,DELIVERED,859
545227,Sophia,Adams,2037-08-15 00:52:28,2037-08-15 04:00:09,2000,DENIED,0
546128,Ava,Nguyen,2037-08-15 04:55:56,2037-08-16 00:50:06,300,DELIVERED,326
546272,Olivia,Jones,2037-08-17 22:15:42,2037-08-18 17:40:53,860,DELIVERED,624
546983,Lucas,Brown,2037-08-27 03:04:24,2037-08-28 12:41:18,300,DELIVERED,409
547597,Emma,Cooper,2037-09-04 19:33:42,2037-09-05 22:33:20,540,APPROVED,1059
548449,Theodore,Garcia,2037-09-15 07:43:04,2037-09-17 04:28:38,2400,IN-PROGRESS - COMMITTEE,0
549276,Olivia,Garcia,2037-09-20 17:47:27,2037-09-22 07:47:45,65,APPROVED,33
550025,James,Zamora,2037-09-22 06:03:35,2037-09-22 12:52:08,2400,APPEALED,0
550847,Elijah,Miller,2037-10-01 07:37:31,2037-10-02 07:48:53,790,DENIED - FIN FITNESS MEETING,0
550860,Emma,Adams,2037-10-02 22:10:59,2037-10-03 21:30:39,540,APPROVED,601
551479,Evelyn,Smith,2037-10-10 22:55:36,2037-10-11 19:50:56,860,DENIED - FIN FITNESS MEETING,0
551507,Henry,Miller,2037-10-15 11:10:20,2037-10-17 08:33:24,150,APPEALED,0
552197,Emma,Miller,2037-10-17 01:47:21,2037-10-18 12:25:09,50,DENIED - FIN FITNESS MEETING,0
552261,Noah,Garcia,2037-10-18 02:07:56,2037-10-19 14:02:25,300,DELIVERED,241
553130,Lucas,Jones,2037-10-24 20:40:42,2037-10-25 20:18:25,550,DENIED - FIN FITNESS MEETING,0
553287,Oliver,Garcia,2037-10-29 15:56:05,2037-10-31 05:15:42,150,IN-PROGRESS - APPROVAL,0
553692,Oliver,Johnson,2037-11-03 02:00:54,2037-11-04 14:54:50,2400,DELIVERED,4758
554104,Charlotte,Brown,2037-11-06 02:00:55,2037-11-06 03:37:27,100,APPEALED,0
554602,Emma,Garcia,2037-11-10 23:13:38,2037-11-11 12:42:09,110,DELIVERED,24
555168,Theodore,Zamora,2037-11-21 03:14:22,2037-11-22 22:15:21,550,APPROVED,684
555473,Lucas,Adams,2037-11-23 04:53:42,2037-11-24 09:36:00,1500,APPEALED,0
555760,Liam,Zamora,2037-11-28 18:32:18,2037-11-29 09:32:22,350,DENIED,0
556608,Sophia,Hernandez,2037-12-07 21:59:19,2037-12-09 01:25:29,1500,APPEALED,0
556696,Mia,Nguyen,2037-12-17 16:13:39,2037-12-18 07:22:08,400,DENIED,0
556881,Oliver,Garcia,2037-12-23 11:59:54,2037-12-24 17:57:08,550,DENIED,0
557438,Noah,Cooper,2038-01-02 14:12:42,2038-01-03 14:57:32,110,DENIED,0
558330,Theodore,Brown,2038-01-12 04:13:09,2038-01-13 03:32:28,860,DELIVERED,334
559200,James,Zamora,2038-01-13 03:55:11,2038-01-14 15:07:52,600,APPEALED,0
559766,Amelia,Johnson,2038-01-21 12:25:08,2038-01-23 12:32:41,450,IN-PROGRESS - APPROVAL,0
560665,Benjamin,Hernandez,2038-01-29 22:21:02,2038-01-31 08:23:59,600,DELIVERED,732
560926,Benjamin,Hernandez,2038-01-31 19:47:03,2038-02-01 01:00:56,2000,IN-PROGRESS - COMMITTEE,0
561413,William,Miller,2038-02-06 19:56:27,2038-02-08 10:03:28,65,DELIVERED,105
562096,Amelia,Johnson,2038-02-12 15:30:30,2038-02-14 10:38:55,999,DELIVERED,1757
562421,Oliver,Miller,2038-02-13 02:58:15,2038-02-14 03:32:42,790,DENIED,0
562889,Mia,Nguyen,2038-02-23 15:42:46,2038-02-23 20:11:46,105,DELIVERED,206
563803,Benjamin,Nguyen,2038-03-03 19:47:34,2038-03-05 04:07:34,790,APPEALED,0
564237,William,Jones,2038-03-13 08:20:31,2038-03-13 12:58:40,860,DENIED - FIN FITNESS MEETING,0
564540,Isabella,Brown,2038-03-14 06:53:12,2038-03-15 08:17:52,120,IN-PROGRESS - APPROVAL,0
564970,Emma,Cooper,2038-03-23 20:03:00,2038-03-24 08:18:10,50,APPROVED,12
565089,Theodore,Nguyen,2038-03-27 05:46:16,2038-03-27 08:43:40,1200,APPEALED,0
565858,Charlotte,Johnson,2038-03-29 06:45:48,2038-03-30 23:49:35,2000,APPROVED,1321
565970,Elijah,Nguyen,2038-03-29 07:30:34,2038-03-29 08:10:35,550,DELIVERED,56
566761,Noah,Brown,2038-04-02 07:18:01,2038-04-03 11:23:47,900,IN-PROGRESS - APPROVAL,0
567430,Theodore,Williams,2038-04-08 01:56:28,2038-04-09 07:45:02,100,APPEALED,0
567790,Isabella,Johnson,2038-04-19 00:09:22,2038-04-19 02:53:26,225,IN-PROGRESS - APPROVAL,0
568433,Henry,Jones,2038-04-25 23:58:13,2038-04-27 03:47:35,800,DENIED - FIN FITNESS MEETING,0
568571,Emma,Jones,2038-05-02 06:44:34,2038-05-02 15:15:43,800,DELIVERED,937
568677,Olivia,Zamora,2038-05-06 22:58:44,2038-05-07 18:22:15,2500,IN-PROGRESS - COMMITTEE,0
569208,James,Williams,2038-05-14 03:20:57,2038-05-15 16:44:20,1400,IN-PROGRESS - COMMITTEE,0
569321,Harper,Jones,2038-05-20 23:54:09,2038-05-22 23:25:16,600,APPROVED,1113
569383,Liam,Brown,2038-05-23 02:57:28,2038-05-23 15:45:46,350,DENIED - FIN FITNESS MEETING,0
569394,James,Adams,2038-06-01 07:49:32,2038-06-03 04:15:00,800,DENIED,0
570049,Henry,Adams,2038-06-11 09:37:45,2038-06-12 03:51:09,450,DELIVERED,58
570112,Harper,Miller,2038-06-21 09:24:30,2038-06-22 11:42:30,600,DENIED - FIN FITNESS MEETING,0
570756,Oliver,Smith,2038-06-26 14:49:03,2038-06-27 05:25:06,2000,APPEALED,0
571067,Lucas,Hernandez,2038-07-04 04:03:07,2038-07-05 12:46:01,2000,IN-PROGRESS - COMMITTEE,0
571433,Amelia,Adams,2038-07-04 04:26:43,2038-07-06 03:50:27,475,DENIED,0
572107,Harper,Jones,2038-07-09 03:37:14,2038-07-10 17:41:09,225,DENIED - FIN FITNESS MEETING,0
572322,William,Johnson,2038-07-16 22:38:24,2038-07-17 07:26:56,540,DELIVERED,93
572627,Evelyn,Zamora,2038-07-19 10:06:43,2038-07-19 12:03:31,350,APPEALED,0
572895,Liam,Zamora,2038-07-27 13:39:06,2038-07-28 20:51:39,65,DELIVERED,103
572955,Sophia,Garcia,2038-08-01 23:36:53,2038-08-03 18:34:25,120,APPROVED,72
573860,Charlotte,Johnson,2038-08-11 21:30:20,2038-08-11 23:18:34,800,DENIED,0
574340,Benjamin,Garcia,2038-08-15 23:59:03,2038-08-16 13:02:29,300,DENIED - FIN FITNESS MEETING,0
575324,Sophia,Miller,2038-08-17 00:54:26,2038-08-17 14:55:24,300,APPROVED,429
575378,Isabella,Garcia,2038-08-22 02:08:46,2038-08-22 18:52:09,50,IN-PROGRESS - APPROVAL,0
576078,Theodore,Miller,2038-08-30 04:02:59,2038-08-30 23:01:42,900,DENIED,0
576717,Noah,Zamora,2038-09-02 10:05:52,2038-09-03 08:26:27,790,DELIVERED,175
576923,Amelia,Williams,2038-09-06 02:19:52,2038-09-07 05:58:57,475,DENIED,0
577083,James,Zamora,2038-09-12 07:17:21,2038-09-13 10:53:47,65,IN-PROGRESS - APPROVAL,0
577692,Lucas,Jones,2038-09-12 21:45:04,2038-09-14 03:51:58,1500,APPROVED,2634
577851,Lucas,Jones,2038-09-16 18:21:31,2038-09-17 19:00:28,200,DENIED - FIN FITNESS MEETING,0
578222,Emma,Brown,2038-09-22 23:21:00,2038-09-23 10:52:00,450,APPROVED,46
579132,William,Brown,2038-09-30 07:08:04,2038-10-01 02:37:45,400,DELIVERED,331
580085,Noah,Hernandez,2038-10-11 04:38:43,2038-10-11 04:42:39,120,IN-PROGRESS - APPROVAL,0
580647,Noah,Smith,2038-10-15 15:51:19,2038-10-15 21:31:26,550,IN-PROGRESS - APPROVAL,0
581386,Elijah,Smith,2038-10-18 16:37:48,2038-10-19 20:08:51,1400,IN-PROGRESS - COMMITTEE,0
582130,Emma,Zamora,2038-10-27 05:38:19,2038-10-28 23:14:09,550,DENIED - FIN FITNESS MEETING,0
582184,Charlotte,Cooper,2038-11-05 20:25:16,2038-11-06 06:24:14,150,APPROVED,250
583021,Harper,Cooper,2038-11-11 22:16:18,2038-11-13 06:34:19,2000,APPEALED,0
583424,Sophia,Miller,2038-11-12 08:56:45,2038-11-13 23:11:10,200,DENIED - FIN FITNESS MEETING,0
583993,Mia,Williams,2038-11-19 14:12:10,2038-11-20 01:41:17,110,DENIED,0
584079,Theodore,Williams,2038-11-26 00:34:01,2038-11-26 08:31:32,2500,DENIED,0
584180,Amelia,Hernandez,2038-11-27 21:29:00,2038-11-28 09:10:25,800,DENIED - FIN FITNESS MEETING,0
584397,Olivia,Garcia,2038-12-06 19:31:16,2038-12-06 20:18:16,860,APPEALED,0
585210,Isabella,Johnson,2038-12-09 17:40:09,2038-12-10 02:09:16,100,DENIED - FIN FITNESS MEETING,0
585869,William,Nguyen,2038-12-16 00:04:33,2038-12-17 13:01:13,105,APPEALED,0
586127,James,Miller,2038-12-22 16:03:10,2038-12-24 14:03:21,475,DENIED - FIN FITNESS MEETING,0
586589,Oliver,Williams,2038-12-30 15:37:47,2039-01-01 08:58:00,120,DENIED - FIN FITNESS MEETING,0
587147,Lucas,Cooper,2039-01-08 22:43:18,2039-01-09 05:12:57,999,DELIVERED,1975
587407,Sophia,Brown,2039-01-11 13:45:15,2039-01-11 16:37:56,650,APPEALED,0
587816,Sophia,Zamora,2039-01-13 15:26:41,2039-01-14 16:50:34,650,IN-PROGRESS - APPROVAL,0
588348,Ava,Nguyen,2039-01-15 09:10:57,2039-01-16 08:22:58,650,IN-PROGRESS - APPROVAL,0
588876,Harper,Garcia,2039-01-19 08:59:25,2039-01-19 09:17:45,475,DELIVERED,201
589123,Amelia,Hernandez,2039-01-23 19:23:01,2039-01-25 08:38:02,110,DENIED - FIN FITNESS MEETING,0
589745,Charlotte,Hernandez,2039-02-01 07:54:35,2039-02-01 19:15:42,540,DELIVERED,369
590434,Henry,Garcia,2039-02-05 23:15:52,2039-02-07 15:20:17,790,DENIED - FIN FITNESS MEETING,0
590570,Charlotte,Hernandez,2039-02-15 15:13:54,2039-02-16 07:33:23,1400,DENIED,0
590574,Harper,Adams,2039-02-16 02:37:19,2039-02-17 22:02:08,540,APPEALED,0
590710,Harper,Hernandez,2039-02-27 01:35:52,2039-02-28 08:11:02,50,IN-PROGRESS - APPROVAL,0
591144,Emma,Garcia,2039-03-04 23:49:30,2039-03-06 01:03:03,120,DENIED,0
591987,Liam,Miller,2039-03-10 21:11:26,2039-03-11 08:34:29,2400,APPEALED,0
592296,Harper,Jones,2039-03-13 00:38:36,2039-03-13 02:47:44,65,DENIED - FIN FITNESS MEETING,0
592882,Lucas,Brown,2039-03-21 01:38:00,2039-03-21 16:20:01,65,DENIED,0
593540,Olivia,Williams,2039-03-23 01:57:43,2039-03-23 22:11:13,1500,APPROVED,515
593823,Sophia,Smith,2039-03-23 06:18:20,2039-03-24 20:19:28,900,DENIED - FIN FITNESS MEETING,0
594134,Oliver,Cooper,2039-04-02 21:25:26,2039-04-04 18:00:05,2000,APPROVED,718
595059,Isabella,Adams,2039-04-10 20:05:29,2039-04-12 16:06:49,1400,DELIVERED,619
595333,Benjamin,Adams,2039-04-11 21:20:27,2039-04-13 02:44:27,1400,IN-PROGRESS - COMMITTEE,0
595712,Evelyn,Nguyen,2039-04-17 11:23:40,2039-04-19 03:03:47,1400,APPEALED,0
595790,Lucas,Miller,2039-04-28 00:57:54,2039-04-29 12:14:43,400,APPEALED,0
595951,William,Zamora,2039-05-01 19:42:58,2039-05-03 07:37:53,150,DENIED,0
596529,Liam,Brown,2039-05-04 19:41:08,2039-05-06 12:20:09,790,DELIVERED,1060
596668,Theodore,Smith,2039-05-09 18:46:17,2039-05-11 03:58:32,800,DELIVERED,753
596678,Theodore,Miller,2039-05-12 23:24:11,2039-05-13 02:09:40,300,DENIED - FIN FITNESS MEETING,0
597403,Harper,Zamora,2039-05-20 14:24:53,2039-05-22 05:45:43,475,IN-PROGRESS - APPROVAL,0
598110,Olivia,Garcia,2039-05-29 02:18:20,2039-05-30 02:16:16,300,APPEALED,0
598212,Olivia,Zamora,2039-06-06 19:41:12,2039-06-07 10:34:33,1200,IN-PROGRESS - COMMITTEE,0
599150,Charlotte,Hernandez,2039-06-06 19:42:25,2039-06-08 19:14:32,2500,DELIVERED,173
599354,Sophia,Brown,2039-06-14 19:01:26,2039-06-15 06:43:10,800,DENIED - FIN FITNESS MEETING,0
600039,Harper,Nguyen,2039-06-20 13:29:55,2039-06-22 02:47:57,50,APPEALED,0
600708,Lucas,Hernandez,2039-06-27 20:37:50,2039-06-29 08:53:45,225,DENIED,0
601240,Isabella,Zamora,2039-07-05 19:57:30,2039-07-06 21:57:11,65,APPEALED,0
601354,Amelia,Brown,2039-07-09 02:27:47,2039-07-11 02:22:39,1500,DENIED,0
